timestamp,gesture_action,Latency,CPU Utilization
2026-05-16T13:55:24.648+08:00,Cursor movement,0.000071,15.8750
2026-05-16T13:55:27.673+08:00,Left-click,0.000058,12.3603
2026-05-16T13:55:28.336+08:00,Cursor movement,0.000062,15.1111
2026-05-16T13:55:29.082+08:00,Right-click,0.000056,6.6667
2026-05-16T13:55:29.815+08:00,Cursor movement,0.000074,14.4772
2026-05-16T13:55:31.404+08:00,Left-click,0.000055,9.3447
2026-05-16T13:55:32.018+08:00,Cursor movement,0.000063,6.8293
2026-05-16T13:55:33.183+08:00,Double click,0.000074,10.0756
2026-05-16T13:55:33.887+08:00,Cursor movement,0.000074,16.7813
2026-05-16T13:55:38.524+08:00,Pinch gestures,0.000061,9.7899
2026-05-16T13:56:00.491+08:00,Zoom gestures,0.000114,16.4157
2026-05-16T13:56:03.424+08:00,Right-click,0.000125,11.6712
2026-05-16T13:56:04.495+08:00,Cursor movement,0.000064,13.1341
2026-05-16T13:56:05.356+08:00,Left-click,0.000073,13.1579
2026-05-16T13:56:06.226+08:00,Drag and drop,0.000053,12.8348
2026-05-16T13:56:10.295+08:00,Pinch gestures,0.000059,15.4231
2026-05-16T13:57:14.634+08:00,Cursor movement,0.000070,11.3804
2026-05-16T13:57:36.655+08:00,Drag and drop,0.000103,13.4543
2026-05-16T13:57:43.170+08:00,Pinch gestures,0.000060,13.0007
2026-05-16T13:57:51.783+08:00,Drag and drop,0.000060,11.7480
2026-05-16T13:58:01.558+08:00,Pinch gestures,0.000108,14.9288
2026-05-16T13:58:03.821+08:00,Drag and drop,0.000056,10.2630
2026-05-16T13:58:12.105+08:00,Cursor movement,0.000066,11.7309
2026-05-16T13:59:09.921+08:00,Right-click,0.000056,13.5223
2026-05-16T13:59:13.981+08:00,Cursor movement,0.000082,13.0832
2026-05-16T13:59:14.760+08:00,Left-click,0.000069,7.7500
2026-05-16T13:59:16.981+08:00,Right-click,0.000062,8.9592
2026-05-16T14:00:06.736+08:00,Pinch gestures,0.000067,12.8709
2026-05-16T14:01:09.118+08:00,Drag and drop,0.000055,13.2463
2026-05-16T14:02:12.958+08:00,Double click,0.000068,14.6953
2026-05-16T14:04:12.935+08:00,Zoom gestures,0.000119,16.0881
2026-05-16T14:04:19.582+08:00,Right-click,0.000129,25.2816
2026-05-16T16:26:22.256+08:00,Cursor movement,0.000071,29.5066
2026-05-16T16:26:27.975+08:00,Left-click,0.000058,32.8841
2026-05-16T16:26:28.871+08:00,Cursor movement,0.000102,38.6022
2026-05-16T16:26:30.462+08:00,Right-click,0.000047,28.0097
2026-05-16T16:26:31.129+08:00,Cursor movement,0.000068,14.0508
2026-05-16T16:26:32.476+08:00,Double click,0.000091,28.0347
2026-05-16T16:26:33.926+08:00,Zoom gestures,0.000128,27.2244
2026-05-16T16:26:35.908+08:00,Right-click,0.000073,36.3946
2026-05-16T16:41:00.603+08:00,Cursor movement,0.000056,39.3601
2026-05-16T16:41:05.232+08:00,Left-click,0.000040,28.9033
2026-05-16T16:41:05.839+08:00,Cursor movement,0.000066,30.5057
2026-05-16T16:41:23.820+08:00,Double click,0.000093,30.5514
2026-05-16T16:41:24.370+08:00,Cursor movement,0.000066,22.5000
2026-05-16T16:41:36.982+08:00,Double click,0.000055,30.3012
2026-05-16T16:41:38.787+08:00,Drag and drop,0.000068,24.4035
2026-05-16T16:41:43.045+08:00,Cursor movement,0.000082,32.3736
2026-05-16T16:41:50.791+08:00,Double click,0.000086,28.5553
2026-05-16T16:41:51.565+08:00,Cursor movement,0.000043,46.9697
2026-05-16T16:41:57.427+08:00,Pinch gestures,0.000043,30.0447
2026-05-16T16:42:09.328+08:00,Cursor movement,0.000044,31.2104
2026-05-16T16:42:14.574+08:00,Pinch gestures,0.000073,28.0185
2026-05-16T16:42:14.621+08:00,Cursor movement,0.000063,25.0000
2026-05-16T16:42:14.907+08:00,Pinch gestures,0.000078,31.7241
2026-05-16T16:42:15.475+08:00,Cursor movement,0.000053,42.4610
2026-05-16T16:42:18.824+08:00,Left-click,0.000081,27.0153
2026-05-16T16:42:19.748+08:00,Pinch gestures,0.000149,39.6226
2026-05-16T16:42:19.810+08:00,Left-click,0.000071,16.6667
2026-05-16T16:42:19.863+08:00,Pinch gestures,0.000082,14.5833
2026-05-16T16:42:19.909+08:00,Left-click,0.000046,12.0000
2026-05-16T16:42:20.106+08:00,Cursor movement,0.000064,24.0642
2026-05-16T16:42:31.198+08:00,Left-click,0.000040,28.6738
2026-05-16T16:42:31.565+08:00,Cursor movement,0.000072,24.5232
2026-05-16T16:42:39.020+08:00,Pinch gestures,0.000060,28.9025
2026-05-16T16:42:39.419+08:00,Cursor movement,0.000064,16.9576
2026-05-16T16:42:42.118+08:00,Double click,0.000074,29.6683
2026-05-16T16:42:42.734+08:00,Cursor movement,0.000080,33.8073
2026-05-16T16:42:43.229+08:00,Double click,0.000048,43.1683
2026-05-16T16:42:43.750+08:00,Cursor movement,0.000044,22.6488
2026-05-16T16:42:44.459+08:00,Left-click,0.000068,43.1232
2026-05-16T16:42:45.064+08:00,Cursor movement,0.000067,23.5974
2026-05-16T16:42:47.643+08:00,Left-click,0.000047,34.5767
2026-05-16T16:42:49.178+08:00,Cursor movement,0.000077,28.1789
2026-05-16T16:42:50.749+08:00,Pinch gestures,0.000060,29.3900
2026-05-16T16:42:50.796+08:00,Cursor movement,0.000063,20.8333
2026-05-16T16:42:51.160+08:00,Pinch gestures,0.000065,21.2707
2026-05-16T16:45:51.096+08:00,Cursor movement,0.000071,35.5746
2026-05-16T16:45:54.100+08:00,Left-click,0.000058,35.5943
2026-05-16T16:45:54.934+08:00,Cursor movement,0.000045,48.3436
2026-05-16T16:45:59.048+08:00,Left-click,0.000079,32.5000
2026-05-16T16:45:59.682+08:00,Cursor movement,0.000053,51.2158
2026-05-16T16:46:40.192+08:00,Left-click,0.000063,31.5757
2026-05-16T16:46:40.923+08:00,Cursor movement,0.000095,45.7604
2026-05-16T16:46:54.435+08:00,Double click,0.000050,32.0014
2026-05-16T16:46:54.859+08:00,Cursor movement,0.000071,23.9535
2026-05-16T16:47:04.278+08:00,Left-click,0.000074,30.1079
2026-05-16T16:47:06.152+08:00,Cursor movement,0.000054,28.2597
2026-05-16T16:47:07.671+08:00,Left-click,0.000042,35.3129
2026-05-16T16:47:09.463+08:00,Cursor movement,0.000077,27.6965
2026-05-17T21:39:39.090+08:00,Cursor movement,0.000071,19.5603
2026-05-17T21:39:51.275+08:00,Left-click,0.000056,13.5286
2026-05-17T21:39:52.031+08:00,Cursor movement,0.000080,34.2820
2026-05-17T21:40:05.456+08:00,Double click,0.000072,11.1885
2026-05-17T21:40:06.079+08:00,Cursor movement,0.000066,12.7389
2026-05-17T21:40:12.030+08:00,Pinch gestures,0.000066,9.2844
2026-05-17T21:40:17.056+08:00,Cursor movement,0.000065,10.9252
2026-05-17T21:40:23.129+08:00,Left-click,0.000057,12.2318
2026-05-17T21:40:23.947+08:00,Cursor movement,0.000076,8.8700
2026-05-17T21:40:24.373+08:00,Left-click,0.000059,9.4907
2026-05-17T21:40:25.224+08:00,Cursor movement,0.000074,10.7551
2026-05-17T21:40:27.528+08:00,Pinch gestures,0.000108,11.5336
2026-05-17T21:40:47.537+08:00,Cursor movement,0.000072,9.0409
2026-05-17T21:40:52.922+08:00,Left-click,0.000057,10.8786
2026-05-17T21:40:53.642+08:00,Cursor movement,0.000072,9.6154
2026-05-17T21:40:54.075+08:00,Left-click,0.000057,6.1503
2026-05-17T21:40:55.765+08:00,Cursor movement,0.000073,7.7146
2026-05-17T21:40:57.136+08:00,Zoom gestures,0.000119,10.8357
2026-05-17T21:41:04.292+08:00,Right-click,0.000109,14.8350
2026-05-17T21:41:04.541+08:00,Drag and drop,0.000102,12.6482
2026-05-17T21:41:05.206+08:00,Zoom gestures,0.000110,8.7149
2026-05-17T21:41:11.222+08:00,Right-click,0.000103,9.0188
2026-05-17T21:41:17.158+08:00,Zoom gestures,0.000119,5.9200
2026-05-17T21:41:19.679+08:00,Right-click,0.000111,13.0368
2026-05-17T21:41:24.078+08:00,Zoom gestures,0.000109,6.4145
2026-05-17T21:41:27.221+08:00,Right-click,0.000110,10.6178
2026-05-17T21:41:27.503+08:00,Cursor movement,0.000122,4.5139
2026-05-18T13:53:36.453+08:00,Cursor movement,0.000064,13.2863
2026-05-18T13:53:40.945+08:00,Drag and drop,0.000058,15.0568
2026-05-18T13:53:47.050+08:00,Cursor movement,0.000066,17.7185
2026-05-18T13:53:49.821+08:00,Left-click,0.000057,19.9720
2026-05-18T13:53:50.748+08:00,Cursor movement,0.000064,18.2590
2026-05-18T13:53:51.501+08:00,Right-click,0.000070,15.3946
2026-05-18T13:53:52.353+08:00,Cursor movement,0.000070,13.5690
2026-05-18T13:53:54.380+08:00,Zoom gestures,0.000114,13.4357
2026-05-18T13:53:55.172+08:00,Right-click,0.000127,13.6139
2026-05-18T13:58:50.658+08:00,Cursor movement,0.000071,15.3477
2026-05-18T13:58:57.911+08:00,Left-click,0.000039,14.4656
2026-05-18T13:58:58.457+08:00,Cursor movement,0.000065,24.5520
2026-05-18T13:59:04.280+08:00,Left-click,0.000076,12.6101
2026-05-18T13:59:04.846+08:00,Cursor movement,0.000063,15.5979
2026-05-18T13:59:05.796+08:00,Left-click,0.000046,15.7328
2026-05-18T13:59:06.500+08:00,Cursor movement,0.000044,13.0316
2026-05-18T13:59:07.513+08:00,Double click,0.000077,13.8298
2026-05-18T13:59:07.993+08:00,Cursor movement,0.000075,12.5749
2026-05-18T13:59:08.702+08:00,Left-click,0.000061,10.1671
2026-05-18T13:59:09.440+08:00,Cursor movement,0.000071,11.1989
2026-05-18T13:59:10.830+08:00,Double click,0.000080,11.8265
2026-05-18T13:59:11.275+08:00,Cursor movement,0.000069,20.4396
2026-05-18T13:59:13.300+08:00,Left-click,0.000063,13.8942
2026-05-18T13:59:13.976+08:00,Cursor movement,0.000082,10.1744
2026-05-18T13:59:14.790+08:00,Drag and drop,0.000077,8.3732
2026-05-18T14:29:47.974+08:00,Drag and drop,0.000068,19.5266
2026-05-18T14:35:53.809+08:00,Cursor movement,0.000054,41.0707
2026-05-18T14:38:10.240+08:00,Cursor movement,0.000086,26.2940
2026-05-18T14:38:13.520+08:00,Right-click,0.000070,49.3215
2026-05-18T14:38:14.979+08:00,Cursor movement,0.000065,27.0020
2026-05-18T14:38:15.737+08:00,Left-click,0.000091,60.6557
2026-05-18T14:40:47.316+08:00,Cursor movement,0.000076,60.5234
2026-05-18T14:40:51.860+08:00,Pinch gestures,0.000087,50.2971
2026-05-18T14:51:48.673+08:00,Cursor movement,0.000072,28.6484
2026-05-18T14:51:52.164+08:00,Left-click,0.000069,40.4669
2026-05-18T14:51:53.100+08:00,Cursor movement,0.000049,18.5146
2026-05-18T14:51:54.341+08:00,Right-click,0.000045,44.6082
2026-05-18T14:51:56.406+08:00,Drag and drop,0.000075,31.4665
2026-05-18T14:51:57.894+08:00,Cursor movement,0.000079,31.9092
2026-05-18T14:52:03.664+08:00,Left-click,0.000058,31.4262
2026-05-18T14:56:32.860+08:00,Pinch gestures,0.000087,34.5525
2026-05-18T14:56:37.843+08:00,Cursor movement,0.000053,33.8014
2026-05-18T14:56:59.599+08:00,Left-click,0.000066,32.4033
2026-05-18T14:57:00.291+08:00,Cursor movement,0.000052,61.7198
2026-05-18T14:57:20.748+08:00,Left-click,0.000065,37.6280
2026-05-18T14:57:22.316+08:00,Cursor movement,0.000089,48.4923
2026-05-18T14:57:23.949+08:00,Left-click,0.000098,30.2531
2026-05-18T14:57:24.953+08:00,Cursor movement,0.000093,62.3552
2026-05-18T14:57:26.678+08:00,Left-click,0.000069,26.4077
2026-05-18T14:57:27.858+08:00,Cursor movement,0.000056,55.6090
2026-05-18T14:57:29.963+08:00,Left-click,0.000082,39.7810
2026-05-18T15:03:28.559+08:00,Cursor movement,0.000089,29.1950
2026-05-18T15:03:41.923+08:00,Left-click,0.000041,38.1166
2026-05-18T15:03:42.246+08:00,Cursor movement,0.000057,27.9279
2026-05-18T15:03:47.048+08:00,Right-click,0.000041,37.7358
2026-05-18T15:03:47.332+08:00,Cursor movement,0.000046,21.4789
2026-05-18T15:03:52.409+08:00,Left-click,0.000066,32.8220
2026-05-18T15:03:53.200+08:00,Cursor movement,0.000078,29.2383
2026-05-18T15:04:02.354+08:00,Left-click,0.000048,34.3876
2026-05-18T15:04:02.993+08:00,Cursor movement,0.000084,26.9113
2026-05-18T15:04:15.627+08:00,Left-click,0.000148,33.8703
2026-05-18T15:04:16.376+08:00,Cursor movement,0.000071,21.4941
2026-05-18T15:04:19.993+08:00,Left-click,0.000040,36.5075
2026-05-18T15:04:20.590+08:00,Cursor movement,0.000046,32.3529
2026-05-18T15:04:25.076+08:00,Left-click,0.000041,34.8717
2026-05-18T15:04:25.421+08:00,Cursor movement,0.000065,19.1304
2026-05-18T15:04:28.171+08:00,Left-click,0.000063,31.4730
2026-05-18T15:32:00.485+08:00,Cursor movement,0.000045,37.5041
2026-05-18T15:32:03.850+08:00,Drag and drop,0.000058,30.6902
2026-05-18T22:32:47.639+08:00,Cursor movement,0.000076,21.4499
2026-05-18T22:32:51.437+08:00,Left-click,0.000058,20.5017
2026-05-18T22:32:52.494+08:00,Cursor movement,0.000065,17.9132
2026-05-18T22:32:53.090+08:00,Right-click,0.000057,18.4564
2026-05-18T22:32:53.976+08:00,Cursor movement,0.000071,19.6251
2026-05-18T22:32:55.513+08:00,Pinch gestures,0.000062,23.1939
2026-05-18T22:33:17.635+08:00,Zoom gestures,0.000113,21.8080
2026-05-18T22:33:20.223+08:00,Right-click,0.000114,17.5207
2026-05-19T00:24:49.541+08:00,Pinch gestures,0.000073,33.3531
2026-05-19T00:24:50.992+08:00,Cursor movement,0.000091,29.7901
2026-05-19T00:25:09.110+08:00,Left-click,0.000090,33.8303
2026-05-19T00:25:18.103+08:00,Zoom gestures,0.000194,37.2862
2026-05-19T00:25:20.502+08:00,Right-click,0.000126,33.8703
2026-05-19T00:25:24.928+08:00,Cursor movement,0.000398,36.4567
2026-05-19T00:25:33.349+08:00,Left-click,0.000082,33.5316
2026-05-19T00:25:34.319+08:00,Cursor movement,0.000080,35.3484
2026-05-19T00:26:03.736+08:00,Left-click,0.000064,37.0107
2026-05-19T00:26:04.330+08:00,Cursor movement,0.000068,23.3937
2026-05-19T00:26:07.047+08:00,Left-click,0.000062,33.9463
2026-05-19T00:26:10.294+08:00,Cursor movement,0.000049,35.9080
2026-05-19T00:26:13.327+08:00,Left-click,0.000041,33.2475
2026-05-19T00:26:13.986+08:00,Cursor movement,0.000090,27.8761
2026-05-19T00:26:22.938+08:00,Left-click,0.000042,37.1986
2026-05-19T00:26:23.589+08:00,Cursor movement,0.000075,32.5926
2026-05-19T00:26:31.195+08:00,Left-click,0.000041,37.7533
2026-05-19T00:26:32.134+08:00,Cursor movement,0.000074,34.2593
2026-05-19T00:26:33.572+08:00,Left-click,0.000042,60.4987
2026-05-19T00:26:34.624+08:00,Cursor movement,0.000084,45.2118
2026-05-19T00:26:55.677+08:00,Pinch gestures,0.000077,38.1354
2026-05-19T00:28:33.196+08:00,Cursor movement,0.000066,37.0828
2026-05-19T00:28:39.880+08:00,Left-click,0.000042,40.4109
2026-05-19T00:28:57.925+08:00,Pinch gestures,0.000075,45.0185
2026-05-19T00:29:17.511+08:00,Cursor movement,0.000080,21.3930
2026-05-19T00:29:19.873+08:00,Double click,0.000058,38.5146
2026-05-19T00:29:20.624+08:00,Cursor movement,0.000073,21.5124
2026-05-19T00:29:23.013+08:00,Left-click,0.000064,37.0132
2026-05-19T00:29:23.654+08:00,Cursor movement,0.000047,18.7786
2026-05-19T00:29:27.012+08:00,Left-click,0.000066,36.7744
2026-05-19T00:29:27.713+08:00,Cursor movement,0.000082,46.5847
2026-05-19T00:29:33.288+08:00,Pinch gestures,0.000066,32.4455
2026-05-19T00:29:54.184+08:00,Cursor movement,0.000056,40.4274
2026-05-19T00:29:55.943+08:00,Left-click,0.000042,31.3466
2026-05-19T00:29:56.663+08:00,Cursor movement,0.000072,28.4932
2026-05-19T00:30:00.703+08:00,Pinch gestures,0.000073,37.4911
2026-05-19T00:30:36.458+08:00,Pinch gestures,0.000085,46.1908
2026-05-19T00:30:42.578+08:00,Zoom gestures,0.000120,36.0421
2026-05-19T00:30:44.455+08:00,Right-click,0.000107,28.1986
2026-05-19T00:30:45.600+08:00,Cursor movement,0.000066,37.6162
2026-05-19T00:30:49.866+08:00,Pinch gestures,0.000044,35.9061
2026-05-19T00:31:01.369+08:00,Drag and drop,0.000043,33.6740
2026-05-19T00:31:22.863+08:00,Zoom gestures,0.000119,40.0000
2026-05-19T00:31:24.296+08:00,Right-click,0.000130,39.1392
2026-05-19T00:31:54.704+08:00,Cursor movement,0.000085,39.3293
2026-05-19T00:31:58.336+08:00,Double click,0.000049,33.6797
2026-05-19T00:32:11.436+08:00,Pinch gestures,0.000064,36.2353
2026-05-19T00:32:42.018+08:00,Zoom gestures,0.000154,36.1923
2026-05-19T00:32:48.100+08:00,Drag and drop,0.000045,39.4569
2026-05-19T00:32:54.800+08:00,Left-click,0.000058,32.4468
2026-05-19T00:32:55.935+08:00,Cursor movement,0.000066,35.1027
2026-05-19T00:33:00.240+08:00,Right-click,0.000041,33.5358
2026-05-19T00:33:01.419+08:00,Cursor movement,0.000083,28.7479
2026-05-19T00:33:04.046+08:00,Right-click,0.000063,32.2593
2026-05-19T00:33:05.014+08:00,Cursor movement,0.000082,40.5767
2026-05-19T00:33:07.240+08:00,Left-click,0.000064,27.2130
2026-05-23T11:34:34.749+08:00,Cursor movement,0.000079,21.2018
2026-05-23T11:34:40.991+08:00,Left-click,0.000057,13.6875
2026-05-23T11:36:54.995+08:00,Drag and drop,0.000066,9.9390
2026-05-23T11:37:02.273+08:00,Cursor movement,0.000088,13.5139
2026-05-23T11:37:04.709+08:00,Left-click,0.000062,13.2218
2026-05-23T11:37:16.329+08:00,Zoom gestures,0.000078,12.5964
2026-05-23T11:37:18.662+08:00,Right-click,0.000127,10.6294
2026-05-23T11:37:18.821+08:00,Drag and drop,0.000114,18.6667
2026-05-23T11:37:24.914+08:00,Cursor movement,0.000068,15.9268
2026-05-23T11:37:27.745+08:00,Left-click,0.000059,13.2920
2026-05-23T11:37:28.384+08:00,Cursor movement,0.000066,14.7745
2026-05-23T11:37:30.513+08:00,Double click,0.000075,14.6098
2026-05-23T12:25:41.276+08:00,Cursor movement,0.000077,14.7773
2026-05-23T12:25:45.833+08:00,Left-click,0.000071,19.1277
2026-05-23T12:25:46.515+08:00,Cursor movement,0.000066,15.0917
2026-05-23T12:25:51.110+08:00,Left-click,0.000070,19.9663
2026-05-23T12:25:57.284+08:00,Pinch gestures,0.000076,15.7242
2026-05-23T12:26:04.875+08:00,Right-click,0.000042,18.8838
2026-05-23T12:26:06.226+08:00,Cursor movement,0.000046,17.4638
2026-05-23T12:26:06.472+08:00,Left-click,0.000062,14.5923
2026-05-23T12:38:12.802+08:00,Cursor movement,0.000070,9.4595
2026-05-23T12:38:15.496+08:00,Left-click,0.000058,11.9177
2026-05-23T12:38:19.232+08:00,Zoom gestures,0.000122,10.3896
2026-05-23T12:38:24.686+08:00,Zoom gestures,0.000114,6.5411
2026-05-23T12:38:25.702+08:00,Right-click,0.000056,13.0352
2026-05-23T12:38:30.316+08:00,Pinch gestures,0.000061,8.8325
2026-05-23T12:38:35.635+08:00,Drag and drop,0.000058,10.1167
2026-05-23T12:38:47.152+08:00,Double click,0.000082,7.3211
2026-05-23T12:38:52.834+08:00,Right-click,0.000066,15.5906
2026-05-23T12:43:37.019+08:00,Pinch gestures,0.000061,10.4654
2026-05-23T13:17:30.582+08:00,Cursor movement,0.000070,10.4672
2026-05-23T13:17:32.029+08:00,Left-click,0.000071,16.6109
2026-05-23T13:17:33.793+08:00,Double click,0.000067,13.1766
2026-05-23T13:17:34.814+08:00,Cursor movement,0.000066,10.9295
2026-05-23T13:17:41.508+08:00,Right-click,0.000069,12.1437
2026-05-23T13:17:42.523+08:00,Cursor movement,0.000063,8.5271
2026-05-23T13:17:43.538+08:00,Right-click,0.000057,10.0962
2026-05-23T13:17:44.473+08:00,Cursor movement,0.000071,12.8898
2026-05-23T13:17:45.564+08:00,Left-click,0.000067,14.1704
2026-05-23T13:17:52.977+08:00,Zoom gestures,0.000117,12.2137
2026-05-23T13:17:54.615+08:00,Right-click,0.000104,11.4949
2026-05-23T13:17:59.319+08:00,Pinch gestures,0.000067,17.7759
2026-05-23T13:18:26.816+08:00,Cursor movement,0.000069,14.2837
2026-05-23T13:18:33.025+08:00,Pinch gestures,0.000082,15.0211
2026-05-23T13:18:57.013+08:00,Zoom gestures,0.000115,12.8157
2026-05-23T13:18:58.434+08:00,Right-click,0.000059,10.5405
2026-05-23T13:19:01.699+08:00,Cursor movement,0.000072,12.7136
2026-05-23T13:19:08.885+08:00,Left-click,0.000070,11.8118
2026-05-23T13:38:03.688+08:00,Cursor movement,0.000070,9.6431
2026-05-23T13:38:40.357+08:00,Left-click,0.000070,12.6715
2026-05-23T13:38:41.196+08:00,Right-click,0.000057,18.5142
2026-05-23T13:39:35.814+08:00,Cursor movement,0.000067,11.5446
2026-05-23T13:39:36.649+08:00,Left-click,0.000056,12.5144
2026-05-23T13:39:37.440+08:00,Right-click,0.000064,12.2630
2026-05-23T13:40:06.309+08:00,Cursor movement,0.000066,12.5269
2026-05-23T13:40:08.713+08:00,Left-click,0.000076,11.4146
2026-05-23T13:54:09.511+08:00,Drag and drop,0.000062,11.5712
2026-05-23T13:55:45.444+08:00,Cursor movement,0.000082,14.8912
2026-05-23T13:55:47.540+08:00,Drag and drop,0.000057,30.4775
2026-05-23T13:56:45.180+08:00,Cursor movement,0.000073,21.7141
2026-05-23T13:58:14.469+08:00,Pinch gestures,0.000059,22.1007
2026-05-23T13:58:58.629+08:00,Cursor movement,0.000071,32.8936
2026-05-23T13:59:27.114+08:00,Zoom gestures,0.000073,45.3123
2026-05-23T13:59:29.965+08:00,Right-click,0.000140,39.8308
2026-05-23T13:59:32.817+08:00,Cursor movement,0.000091,34.9812
2026-05-23T13:59:38.882+08:00,Drag and drop,0.000048,36.9784
2026-05-23T13:59:46.789+08:00,Cursor movement,0.000073,39.5195
2026-05-23T13:59:48.839+08:00,Left-click,0.000047,46.3918
2026-05-23T13:59:49.521+08:00,Cursor movement,0.000086,22.1574
2026-05-23T13:59:56.037+08:00,Pinch gestures,0.000056,42.9353
2026-05-23T14:00:01.218+08:00,Cursor movement,0.000054,42.9101
2026-05-23T14:00:02.768+08:00,Right-click,0.000060,34.7826
2026-05-23T16:47:07.883+08:00,Cursor movement,0.000077,11.9593
2026-05-23T16:47:17.496+08:00,Left-click,0.000058,15.4905
2026-05-23T16:53:39.176+08:00,Cursor movement,0.000065,11.5460
2026-05-23T16:53:40.693+08:00,Left-click,0.000074,13.4890
2026-05-23T16:53:41.308+08:00,Cursor movement,0.000070,11.5016
2026-05-23T16:53:44.486+08:00,Pinch gestures,0.000067,17.4939
2026-05-23T16:53:46.283+08:00,Cursor movement,0.000068,15.2800
2026-05-23T16:53:48.856+08:00,Pinch gestures,0.000075,15.9507
2026-05-23T16:53:56.793+08:00,Cursor movement,0.000084,15.0747
2026-05-23T17:03:16.371+08:00,Cursor movement,0.000072,9.8916
2026-05-23T17:03:20.729+08:00,Double click,0.000080,11.8614
2026-05-23T17:03:38.911+08:00,Cursor movement,0.000077,9.3931
2026-05-23T17:03:47.709+08:00,Left-click,0.000067,10.6032
2026-05-23T17:03:48.301+08:00,Cursor movement,0.000064,13.0363
2026-05-23T17:03:50.733+08:00,Left-click,0.000069,10.4758
2026-05-23T17:03:52.870+08:00,Cursor movement,0.000070,12.9982
2026-05-23T17:03:59.288+08:00,Left-click,0.000071,16.3154
2026-05-23T17:03:59.822+08:00,Cursor movement,0.000083,16.0221
2026-05-23T17:04:00.342+08:00,Left-click,0.000057,11.6412
2026-05-23T17:04:01.094+08:00,Cursor movement,0.000271,10.0260
2026-05-23T17:04:03.012+08:00,Double click,0.000072,12.0935
2026-05-23T17:04:03.518+08:00,Cursor movement,0.000045,10.8949
2026-05-23T17:04:05.032+08:00,Left-click,0.000074,12.0257
2026-05-23T17:04:05.653+08:00,Cursor movement,0.000066,16.1742
2026-05-23T17:04:06.708+08:00,Left-click,0.000063,16.7897
2026-05-23T17:07:31.870+08:00,Pinch gestures,0.000081,16.1730
2026-05-23T17:07:32.886+08:00,Cursor movement,0.000066,24.8808
2026-05-23T17:07:35.735+08:00,Left-click,0.000060,18.7585
2026-05-23T17:12:48.787+08:00,Double click,0.000069,9.2494
2026-05-23T17:12:49.863+08:00,Cursor movement,0.000065,9.5455
2026-05-23T17:12:50.402+08:00,Double click,0.000081,10.6033
2026-05-23T17:13:07.979+08:00,Cursor movement,0.000077,9.6807
2026-05-23T17:13:11.507+08:00,Right-click,0.000062,13.3887
2026-05-23T17:13:12.279+08:00,Cursor movement,0.000071,11.2102
2026-05-23T17:13:12.754+08:00,Left-click,0.000071,11.1336
2026-05-23T19:58:00.762+08:00,Cursor movement,0.000077,10.9750
2026-05-23T23:44:08.241+08:00,Drag and drop,0.000050,31.2198
2026-05-23T23:44:09.691+08:00,Cursor movement,0.000045,30.3213
2026-05-23T23:44:26.276+08:00,Left-click,0.000082,31.8009
2026-05-23T23:44:27.137+08:00,Cursor movement,0.000082,20.2806
2026-05-23T23:44:30.274+08:00,Left-click,0.000041,32.5850
2026-05-23T23:44:33.198+08:00,Cursor movement,0.000047,32.1381
2026-05-23T23:44:38.938+08:00,Left-click,0.000047,31.4382
2026-05-23T23:44:39.520+08:00,Cursor movement,0.000067,15.4762
2026-05-23T23:44:41.026+08:00,Left-click,0.000061,30.2445
2026-05-24T00:13:52.152+08:00,Cursor movement,0.000044,40.2677
2026-05-24T00:14:00.689+08:00,Left-click,0.000047,39.9774
2026-05-24T00:14:01.075+08:00,Cursor movement,0.000075,30.5970
2026-05-24T00:14:04.902+08:00,Left-click,0.000041,39.3794
2026-05-24T00:14:06.851+08:00,Cursor movement,0.000074,34.1000
2026-05-24T00:14:15.225+08:00,Left-click,0.000060,38.0116
2026-05-24T00:14:19.607+08:00,Drag and drop,0.000069,49.4557
2026-05-24T00:14:25.124+08:00,Zoom gestures,0.000140,20.5761
2026-05-24T00:14:30.852+08:00,Pinch gestures,0.000044,46.6951
2026-05-24T00:30:47.559+08:00,Double click,0.000057,30.9224
2026-05-24T00:30:49.145+08:00,Cursor movement,0.000047,29.5524
2026-05-24T00:31:05.631+08:00,Left-click,0.000068,33.2942
2026-05-24T00:36:28.897+08:00,Zoom gestures,0.000147,45.5854
2026-05-24T00:36:34.603+08:00,Pinch gestures,0.000092,51.3939
2026-05-24T00:36:41.881+08:00,Cursor movement,0.000071,37.2030
2026-05-24T00:36:47.819+08:00,Right-click,0.000078,35.6054
2026-05-24T00:36:48.911+08:00,Cursor movement,0.000076,39.6396
2026-05-24T00:36:49.169+08:00,Left-click,0.000080,38.3764
2026-05-24T00:36:52.526+08:00,Pinch gestures,0.000046,47.5275
2026-05-24T00:59:24.914+08:00,Pinch gestures,0.000044,33.2242
2026-05-24T00:59:36.259+08:00,Cursor movement,0.000057,31.1404
2026-05-24T00:59:38.558+08:00,Left-click,0.000077,32.6874
2026-05-24T00:59:39.113+08:00,Cursor movement,0.000088,59.1793
2026-05-24T00:59:41.786+08:00,Left-click,0.000046,34.6014
2026-05-24T00:59:42.389+08:00,Cursor movement,0.000074,31.6476
2026-05-24T00:59:48.133+08:00,Left-click,0.000058,31.8535
2026-05-24T00:59:58.096+08:00,Pinch gestures,0.000063,28.3368
2026-05-24T01:00:05.733+08:00,Cursor movement,0.000082,29.2375
2026-05-24T01:00:09.689+08:00,Left-click,0.000062,29.7074
2026-05-24T01:00:13.528+08:00,Cursor movement,0.000070,40.4882
2026-05-24T01:00:23.696+08:00,Left-click,0.000058,30.6627
2026-05-24T01:00:28.192+08:00,Zoom gestures,0.000145,30.4156
2026-05-24T01:00:29.453+08:00,Right-click,0.000126,29.8519
2026-05-24T01:00:29.867+08:00,Cursor movement,0.000085,45.2214
2026-05-24T01:00:30.628+08:00,Zoom gestures,0.000118,22.5033
2026-05-24T01:00:33.495+08:00,Right-click,0.000112,30.9372
2026-05-24T01:00:39.072+08:00,Pinch gestures,0.000070,32.3167
2026-05-24T01:00:48.761+08:00,Pinch gestures,0.000043,38.5156
2026-05-24T01:01:13.963+08:00,Pinch gestures,0.000084,31.1620
2026-05-24T01:01:20.623+08:00,Cursor movement,0.000046,32.2427
2026-05-24T01:01:27.775+08:00,Left-click,0.000040,32.5417
2026-05-24T01:04:21.188+08:00,Cursor movement,0.000084,23.6603
2026-05-24T01:04:24.251+08:00,Left-click,0.000040,29.3764
2026-05-24T01:04:30.193+08:00,Cursor movement,0.000065,19.1601
2026-05-24T01:04:33.160+08:00,Zoom gestures,0.000117,30.0589
2026-05-24T01:04:33.890+08:00,Right-click,0.000061,40.8616
2026-05-24T01:04:39.191+08:00,Zoom gestures,0.000128,27.6094
2026-05-24T01:04:40.053+08:00,Right-click,0.000114,29.9544
2026-05-24T01:04:40.281+08:00,Cursor movement,0.000065,18.5185
2026-05-24T01:04:42.584+08:00,Left-click,0.000041,33.5010
2026-05-24T13:03:21.635+08:00,Drag and drop,0.000066,13.5229
2026-05-24T13:03:27.672+08:00,Open voice assistant,0.000067,13.8392
2026-05-24T13:06:45.971+08:00,Open voice assistant,0.000066,8.8050
2026-05-24T13:10:45.201+08:00,Cursor movement,0.000072,17.2350
2026-05-24T13:24:57.159+08:00,Cursor movement,0.000071,11.2094
2026-05-24T13:24:59.494+08:00,Drag and drop,0.000070,15.2238
2026-05-24T13:25:11.052+08:00,Cursor movement,0.000079,17.0331
2026-05-24T13:25:18.205+08:00,Launch Voice Assistant,0.000071,13.7636
2026-05-24T13:25:57.969+08:00,Drag and drop,0.000077,14.8744
2026-05-24T13:25:58.425+08:00,Launch Voice Assistant,0.000070,14.1328
2026-05-24T13:26:09.887+08:00,Cursor movement,0.000073,18.3206
2026-05-24T13:26:11.711+08:00,Left-click,0.000075,13.2653
2026-05-24T13:26:48.649+08:00,Drag and drop,0.000068,11.8662
2026-05-24T13:26:50.012+08:00,Launch Voice Assistant,0.000064,13.3238
2026-05-24T13:27:45.682+08:00,Cursor movement,0.000077,13.9469
2026-05-24T13:27:47.082+08:00,Drag and drop,0.000071,14.6006
2026-05-24T13:27:48.611+08:00,Cursor movement,0.000076,14.3127
2026-05-24T13:27:49.877+08:00,Right-click,0.000078,14.9919
2026-05-24T13:27:50.625+08:00,Cursor movement,0.000077,14.9669
2026-05-24T13:27:51.094+08:00,Left-click,0.000080,15.1139
2026-05-24T13:27:51.912+08:00,Cursor movement,0.000086,17.0588
2026-05-24T13:27:59.416+08:00,Left-click,0.000067,12.6149
2026-05-24T13:28:00.100+08:00,Cursor movement,0.000081,20.3514
2026-05-24T13:28:00.479+08:00,Left-click,0.000079,10.0756
2026-05-24T13:28:01.212+08:00,Cursor movement,0.000081,16.3073
2026-05-24T13:28:09.326+08:00,Double click,0.000081,14.4294
2026-05-24T13:28:10.086+08:00,Cursor movement,0.000073,16.3001
2026-05-24T13:28:11.888+08:00,Pinch gestures,0.000077,14.4246
2026-05-24T13:28:52.342+08:00,Cursor movement,0.000071,15.0307
2026-05-24T13:28:53.653+08:00,Left-click,0.000078,14.1280
2026-05-24T13:28:54.292+08:00,Cursor movement,0.000071,17.2989
2026-05-24T13:28:55.990+08:00,Left-click,0.000065,14.3183
2026-05-24T13:29:06.981+08:00,Cursor movement,0.000057,14.2283
2026-05-24T13:29:11.649+08:00,Launch Voice Assistant,0.000078,13.1606
2026-05-24T13:29:35.741+08:00,Launch Voice Assistant,0.000069,12.4227
2026-05-24T13:30:29.561+08:00,Cursor movement,0.000070,9.4260
2026-05-24T13:30:31.607+08:00,Left-click,0.000063,13.2283
2026-05-24T13:30:32.339+08:00,Cursor movement,0.000082,11.3416
2026-05-24T13:30:36.614+08:00,Left-click,0.000073,12.4743
2026-05-24T14:15:30.036+08:00,Launch Voice Assistant,0.000064,37.7305
2026-05-24T14:23:06.242+08:00,Cursor movement,0.000076,30.5970
2026-05-24T14:23:10.390+08:00,Left-click,0.000051,30.8734
2026-05-24T15:03:14.950+08:00,Cursor movement,0.000092,33.4490
2026-05-24T15:03:48.529+08:00,Cursor movement,0.000049,34.9458
2026-05-24T15:04:05.176+08:00,Left-click,0.000048,37.3786
2026-05-24T15:04:23.259+08:00,Pinch gestures,0.000072,48.6907
2026-05-24T15:04:24.803+08:00,Cursor movement,0.000093,36.9811
2026-05-24T15:04:31.322+08:00,Left-click,0.000045,39.5349
2026-05-24T15:08:09.666+08:00,Cursor movement,0.000050,25.2727
2026-05-24T15:08:40.986+08:00,Cursor movement,0.000048,35.0170
2026-05-24T15:08:57.268+08:00,Right-click,0.000080,32.8538
2026-05-24T15:08:58.218+08:00,Cursor movement,0.000047,29.6858
2026-05-24T15:09:13.892+08:00,Left-click,0.000082,30.0829
2026-05-24T15:09:14.630+08:00,Cursor movement,0.000071,30.1676
2026-05-24T15:09:41.212+08:00,Left-click,0.000050,32.9804
2026-05-24T15:14:59.219+08:00,Cursor movement,0.000049,30.8598
2026-05-24T15:15:15.167+08:00,Left-click,0.000081,29.1406
2026-05-24T15:15:56.848+08:00,Cursor movement,0.000096,28.0604
2026-05-24T15:16:41.141+08:00,Cursor movement,0.000056,37.7181
2026-05-24T15:16:51.852+08:00,Zoom gestures,0.000076,28.3889
2026-05-24T15:16:51.949+08:00,Cursor movement,0.000070,13.5417
2026-05-24T15:16:52.060+08:00,Zoom gestures,0.000074,9.3458
2026-05-24T15:16:55.264+08:00,Right-click,0.000041,25.4634
2026-05-24T15:16:55.971+08:00,Cursor movement,0.000049,42.3338
2026-05-24T15:17:00.181+08:00,Left-click,0.000079,29.9216
2026-05-24T15:21:39.300+08:00,Cursor movement,0.000088,33.1499
2026-05-24T15:22:27.707+08:00,Cursor movement,0.000078,46.1988
2026-05-24T15:23:21.599+08:00,Cursor movement,0.000051,38.7019
2026-05-24T15:23:44.741+08:00,Left-click,0.000076,34.1583
2026-05-24T15:23:54.933+08:00,Launch Voice Assistant,0.000070,33.5336
2026-05-24T15:24:46.776+08:00,Launch Voice Assistant,0.000085,43.9125
2026-05-24T15:24:58.403+08:00,Cursor movement,0.000102,38.9387
2026-05-24T15:25:08.791+08:00,Left-click,0.000052,33.7840
2026-05-24T15:25:24.313+08:00,Cursor movement,0.000059,46.8912
2026-05-24T15:25:49.160+08:00,Left-click,0.000064,33.2684
2026-05-24T15:32:38.023+08:00,Cursor movement,0.000083,40.8365
2026-05-24T15:32:55.804+08:00,Pinch gestures,0.000052,33.6382
2026-05-24T15:32:56.280+08:00,Cursor movement,0.000092,20.5761
2026-05-24T15:33:02.136+08:00,Left-click,0.000067,33.0797
2026-05-24T15:33:08.549+08:00,Cursor movement,0.000089,53.3223
2026-05-24T15:33:27.513+08:00,Left-click,0.000046,35.6223
2026-05-24T15:33:33.191+08:00,Cursor movement,0.000096,26.4487
2026-05-24T15:33:43.367+08:00,Left-click,0.000098,36.9369
2026-05-24T15:33:43.821+08:00,Cursor movement,0.000112,50.3282
2026-05-24T15:34:00.932+08:00,Left-click,0.000092,34.6102
2026-05-24T15:34:08.753+08:00,Cursor movement,0.000051,36.7758
2026-05-24T15:34:19.827+08:00,Left-click,0.000049,42.8783
2026-05-24T15:34:20.537+08:00,Cursor movement,0.000082,25.8380
2026-05-24T15:34:21.271+08:00,Right-click,0.000047,46.7277
2026-05-24T15:34:21.977+08:00,Cursor movement,0.000072,19.4715
2026-05-24T15:34:30.584+08:00,Left-click,0.000088,34.4303
2026-05-24T15:34:31.353+08:00,Cursor movement,0.000064,45.0382
2026-05-24T15:34:33.753+08:00,Launch Voice Assistant,0.000090,29.2802
2026-05-24T15:39:26.481+08:00,Cursor movement,0.000070,29.9392
2026-05-24T15:39:41.730+08:00,Left-click,0.000078,31.0461
2026-05-24T15:39:42.210+08:00,Cursor movement,0.000078,17.5000
2026-05-24T15:39:45.490+08:00,Left-click,0.000107,28.7960
2026-05-24T15:39:56.003+08:00,Cursor movement,0.000090,31.3738
2026-05-24T15:40:11.037+08:00,Pinch gestures,0.000054,31.9630
2026-05-24T15:40:15.954+08:00,Cursor movement,0.000077,31.3756
2026-05-24T15:40:17.655+08:00,Right-click,0.000089,27.9594
2026-05-24T15:40:18.354+08:00,Cursor movement,0.000055,48.9627
2026-05-24T15:40:18.759+08:00,Left-click,0.000063,15.6171
2026-05-24T15:40:19.683+08:00,Cursor movement,0.000050,37.4220
2026-05-24T15:40:20.329+08:00,Right-click,0.000072,14.9231
2026-05-24T15:40:21.218+08:00,Cursor movement,0.000049,41.6847
2026-05-24T15:40:22.551+08:00,Left-click,0.000044,31.0771
2026-05-24T15:40:23.075+08:00,Cursor movement,0.000082,19.2523
2026-05-24T15:40:25.371+08:00,Right-click,0.000048,42.1536
2026-05-24T15:40:26.068+08:00,Cursor movement,0.000076,29.6875
2026-05-24T15:40:28.085+08:00,Left-click,0.000044,42.8844
2026-05-24T15:40:28.602+08:00,Cursor movement,0.000081,19.1033
2026-05-24T15:40:30.788+08:00,Pinch gestures,0.000078,34.8155
2026-05-24T15:45:36.543+08:00,Cursor movement,0.000051,34.5232
2026-05-24T15:46:26.669+08:00,Double click,0.000105,29.2403
2026-05-24T15:46:54.458+08:00,Cursor movement,0.000103,28.4958
2026-05-24T15:47:20.209+08:00,Cursor movement,0.000059,30.1221
2026-05-24T15:47:33.805+08:00,Left-click,0.000073,31.4945
2026-05-24T15:53:26.548+08:00,Cursor movement,0.000095,32.7498
2026-05-24T15:53:37.530+08:00,Left-click,0.000063,31.5075
2026-05-24T15:54:15.777+08:00,Cursor movement,0.000078,39.9192
2026-05-24T15:54:25.829+08:00,Left-click,0.000043,32.7462
2026-05-24T15:54:35.884+08:00,Cursor movement,0.000048,37.7931
2026-05-24T15:54:43.233+08:00,Left-click,0.000043,34.1652
2026-05-24T15:54:44.545+08:00,Cursor movement,0.000086,35.6305
2026-05-24T15:54:44.962+08:00,Left-click,0.000062,14.5278
2026-05-24T15:54:46.502+08:00,Cursor movement,0.000082,31.3490
2026-05-24T15:55:00.379+08:00,Pinch gestures,0.000048,31.7075
2026-05-24T15:55:04.476+08:00,Cursor movement,0.000101,31.4530
2026-05-24T15:55:16.915+08:00,Left-click,0.000046,32.7005
2026-05-24T15:55:24.201+08:00,Cursor movement,0.000047,47.8548
2026-05-24T15:55:35.042+08:00,Left-click,0.000083,33.6944
2026-05-24T15:55:35.754+08:00,Cursor movement,0.000057,40.8309
2026-05-24T15:55:37.579+08:00,Left-click,0.000074,29.0977
2026-05-24T15:56:34.925+08:00,Cursor movement,0.000077,37.5977
2026-05-24T15:56:52.035+08:00,Left-click,0.000069,33.6423
2026-05-24T15:56:52.776+08:00,Cursor movement,0.000057,43.8776
2026-05-24T15:56:54.996+08:00,Left-click,0.000061,25.7881
2026-05-24T15:56:58.262+08:00,Cursor movement,0.000088,30.7624
2026-05-24T15:57:03.635+08:00,Pinch gestures,0.000067,32.3895
2026-05-24T15:57:08.890+08:00,Cursor movement,0.000047,37.5877
2026-05-24T15:57:10.838+08:00,Left-click,0.000064,28.4216
2026-05-24T15:57:15.377+08:00,Cursor movement,0.000077,30.3547
2026-05-24T15:57:28.919+08:00,Pinch gestures,0.000112,32.9024
2026-05-24T15:57:37.677+08:00,Cursor movement,0.000049,32.0985
2026-05-24T15:57:53.503+08:00,Launch Voice Assistant,0.000044,33.9134
2026-05-24T15:58:31.867+08:00,Cursor movement,0.000069,19.6406
2026-05-24T15:58:41.308+08:00,Left-click,0.000044,32.5987
2026-05-24T15:58:50.114+08:00,Cursor movement,0.000048,31.8689
2026-05-24T15:58:55.776+08:00,Right-click,0.000079,31.4242
2026-05-24T15:58:56.624+08:00,Cursor movement,0.000068,39.9072
2026-05-24T15:58:58.602+08:00,Left-click,0.000082,28.5493
2026-05-24T15:58:59.213+08:00,Cursor movement,0.000076,32.0583
2026-05-24T15:59:01.810+08:00,Double click,0.000051,32.0537
2026-05-24T15:59:02.684+08:00,Cursor movement,0.000094,34.1491
2026-05-24T15:59:07.907+08:00,Pinch gestures,0.000063,32.5388
2026-05-24T15:59:12.377+08:00,Cursor movement,0.000071,28.3326
2026-05-24T15:59:18.574+08:00,Left-click,0.000062,33.0159
2026-05-24T15:59:19.686+08:00,Cursor movement,0.000055,59.9488
2026-05-24T15:59:23.864+08:00,Left-click,0.000051,31.6400
2026-05-24T15:59:25.218+08:00,Cursor movement,0.000050,34.2087
2026-05-24T15:59:26.640+08:00,Left-click,0.000046,33.9700
2026-05-24T15:59:27.394+08:00,Cursor movement,0.000077,27.0130
2026-05-24T15:59:33.830+08:00,Pinch gestures,0.000042,33.3734
2026-05-24T15:59:37.382+08:00,Cursor movement,0.000068,29.6832
2026-05-24T15:59:42.761+08:00,Left-click,0.000049,34.9946
2026-05-24T15:59:43.485+08:00,Cursor movement,0.000093,34.9120
2026-05-24T15:59:52.283+08:00,Left-click,0.000043,35.6160
2026-05-24T16:11:39.640+08:00,Cursor movement,0.000093,39.1016
2026-05-24T16:11:50.899+08:00,Pinch gestures,0.000067,30.2481
2026-05-24T16:11:57.051+08:00,Cursor movement,0.000071,21.3790
2026-05-24T16:12:05.207+08:00,Launch Voice Assistant,0.000067,22.4587
2026-05-24T16:12:39.735+08:00,Cursor movement,0.000079,17.5781
2026-05-24T16:12:45.633+08:00,Left-click,0.000065,19.9605
2026-05-24T16:12:57.657+08:00,Cursor movement,0.000079,18.3399
2026-05-24T16:13:02.933+08:00,Pinch gestures,0.000066,21.7958
2026-05-24T16:13:07.935+08:00,Cursor movement,0.000074,19.8097
2026-05-24T16:13:17.745+08:00,Left-click,0.000082,24.2090
2026-05-24T16:13:18.417+08:00,Cursor movement,0.000082,23.7956
2026-05-24T16:13:20.039+08:00,Left-click,0.000082,23.0769
2026-05-24T16:13:22.317+08:00,Cursor movement,0.000078,21.6965
2026-05-24T16:13:24.863+08:00,Left-click,0.000070,21.2269
2026-05-24T16:13:25.543+08:00,Cursor movement,0.000082,22.9018
2026-05-24T16:13:26.616+08:00,Left-click,0.000071,19.5100
2026-05-24T16:13:30.092+08:00,Cursor movement,0.000076,19.9497
2026-05-24T16:13:39.056+08:00,Launch Voice Assistant,0.000104,21.2072
2026-05-24T16:14:28.771+08:00,Cursor movement,0.000072,24.6184
2026-05-24T16:14:34.587+08:00,Left-click,0.000158,27.5063
2026-05-24T16:14:34.986+08:00,Cursor movement,0.000075,28.9157
2026-05-24T16:14:38.642+08:00,Left-click,0.000069,30.8513
2026-05-24T16:14:40.268+08:00,Cursor movement,0.000076,31.3210
2026-05-24T16:14:41.464+08:00,Left-click,0.000097,29.8952
2026-05-24T16:14:41.760+08:00,Cursor movement,0.000088,32.8947
2026-05-24T16:14:42.914+08:00,Right-click,0.000073,33.2229
2026-05-24T16:14:44.379+08:00,Cursor movement,0.000096,31.6897
2026-05-24T16:14:45.971+08:00,Left-click,0.000098,34.7561
2026-05-24T16:14:47.486+08:00,Cursor movement,0.000099,38.7158
2026-05-24T16:15:01.640+08:00,Left-click,0.000080,27.6107
2026-05-24T23:23:01.566+08:00,Cursor movement,0.000084,21.5408
2026-05-24T23:23:04.052+08:00,Right-click,0.000076,14.6380
2026-05-24T23:23:04.768+08:00,Cursor movement,0.000089,17.6230
2026-05-24T23:23:06.241+08:00,Left-click,0.000068,11.2807
2026-05-24T23:30:19.405+08:00,Cursor movement,0.000073,18.4192
2026-05-24T23:30:22.339+08:00,Left-click,0.000066,13.2606
2026-05-24T23:30:29.130+08:00,Pinch gestures,0.000067,13.7526
2026-05-24T23:30:39.576+08:00,Launch Voice Assistant,0.000072,16.1215
2026-05-24T23:35:43.044+08:00,Launch Voice Assistant,0.000068,22.4872
2026-05-24T23:40:45.825+08:00,Zoom gestures,0.000085,28.0553
2026-05-24T23:40:50.124+08:00,Right-click,0.000078,23.6795
2026-05-24T23:40:50.355+08:00,Cursor movement,0.000051,12.9167
2026-05-24T23:40:54.499+08:00,Left-click,0.000079,28.7391
2026-05-24T23:43:23.517+08:00,Pinch gestures,0.000074,15.8103
2026-05-24T23:43:31.797+08:00,Cursor movement,0.000078,12.9956
2026-05-24T23:43:34.035+08:00,Left-click,0.000067,12.4728
2026-05-24T23:51:45.018+08:00,Launch Voice Assistant,0.000072,10.7060
2026-05-25T00:02:32.823+08:00,Launch Voice Assistant,0.000094,13.6435
2026-05-25T00:02:53.049+08:00,Cursor movement,0.000091,12.8139
2026-05-25T00:02:54.984+08:00,Left-click,0.000072,14.8485
2026-05-25T00:09:26.869+08:00,Cursor movement,0.000072,11.8574
2026-05-25T00:09:30.667+08:00,Left-click,0.000063,12.8014
2026-05-25T00:09:36.298+08:00,Cursor movement,0.000072,11.0621
2026-05-25T00:09:39.417+08:00,Left-click,0.000085,14.5969
2026-05-25T00:35:40.533+08:00,Cursor movement,0.000091,18.1296
2026-05-25T00:35:43.611+08:00,Left-click,0.000083,13.4050
2026-05-25T00:35:48.802+08:00,Launch Voice Assistant,0.000073,19.0850
2026-05-25T11:53:45.300+08:00,Cursor movement,0.000077,16.1846
2026-05-25T11:53:52.561+08:00,Launch Voice Assistant,0.000086,13.9426
2026-05-25T11:54:47.759+08:00,Cursor movement,0.000088,12.8028
2026-05-25T11:54:49.256+08:00,Launch Voice Assistant,0.000065,12.9581
2026-06-01T10:32:40.340+08:00,Cursor movement,0.000087,16.3580
2026-06-01T10:32:42.570+08:00,Left-click,0.000067,12.4183
2026-06-01T10:34:57.064+08:00,Drag and drop,0.000064,11.9436
2026-06-01T10:42:23.267+08:00,Cursor movement,0.000099,8.3493
2026-06-01T10:42:26.506+08:00,Left-click,0.000072,11.8588
2026-06-01T11:33:05.871+08:00,Cursor movement,0.000072,15.1463
2026-06-01T11:33:09.490+08:00,Left-click,0.000073,15.5024
2026-06-01T11:33:10.448+08:00,Cursor movement,0.000074,13.3470
2026-06-01T11:33:12.886+08:00,Left-click,0.000044,15.8901
2026-06-01T11:34:24.114+08:00,Cursor movement,0.000132,14.3558
2026-06-01T11:34:25.945+08:00,Launch Voice Assistant,0.000045,14.5811
2026-06-01T11:35:14.479+08:00,Cursor movement,0.000085,16.7945
2026-06-01T11:35:17.467+08:00,Left-click,0.000045,19.5003
2026-06-01T11:35:18.450+08:00,Cursor movement,0.000085,18.0735
2026-06-01T11:35:19.710+08:00,Right-click,0.000045,15.3787
2026-06-01T11:35:21.559+08:00,Cursor movement,0.000108,17.7521
2026-06-01T11:35:25.829+08:00,Right-click,0.000074,18.3051
2026-06-01T11:35:27.878+08:00,Cursor movement,0.000095,18.4941
2026-06-01T11:35:29.426+08:00,Left-click,0.000072,20.4660
2026-06-01T12:20:51.354+08:00,Cursor movement,0.000073,11.8063
2026-06-01T12:20:53.528+08:00,Launch Voice Assistant,0.000073,16.8796
2026-06-01T12:30:40.707+08:00,Cursor movement,0.000078,18.6978
2026-06-01T12:30:49.461+08:00,Right-click,0.000045,19.5003
2026-06-01T12:30:52.126+08:00,Cursor movement,0.000079,22.9592
2026-06-01T12:30:56.794+08:00,Right-click,0.000044,16.4472
2026-06-01T12:30:58.748+08:00,Cursor movement,0.000077,12.1743
2026-06-01T12:31:09.759+08:00,Left-click,0.000074,14.2124
2026-06-01T12:31:10.778+08:00,Cursor movement,0.000052,39.3130
2026-06-01T12:31:15.906+08:00,Launch Voice Assistant,0.000079,25.4408
2026-06-01T13:50:16.523+08:00,Cursor movement,0.000082,25.1174
2026-06-01T13:50:19.568+08:00,Launch Voice Assistant,0.000065,16.8969
2026-06-01T13:54:36.916+08:00,Cursor movement,0.000091,17.1602
2026-06-01T13:54:40.622+08:00,Left-click,0.000070,16.8700
2026-06-01T13:54:46.981+08:00,Cursor movement,0.000078,9.3674
2026-06-01T13:54:49.891+08:00,Launch Voice Assistant,0.000084,18.2396
2026-06-01T13:55:01.145+08:00,Cursor movement,0.000078,21.6056
2026-06-01T13:55:03.560+08:00,Left-click,0.000068,15.4743
2026-06-01T13:56:36.199+08:00,Cursor movement,0.000066,17.7315
2026-06-01T13:56:40.039+08:00,Launch Voice Assistant,0.000077,34.1686
2026-06-08T11:47:42.833+08:00,Cursor movement,0.000078,9.5997
2026-06-08T11:47:46.808+08:00,Launch Voice Assistant,0.000082,10.9475
2026-06-08T11:48:28.884+08:00,Cursor movement,0.000069,11.6558
2026-06-08T11:48:35.144+08:00,Launch Voice Assistant,0.000079,11.0576
2026-06-08T11:50:19.253+08:00,Cursor movement,0.000071,12.1638
2026-06-08T11:50:21.439+08:00,Left-click,0.000072,11.9613
2026-06-08T11:50:38.458+08:00,Cursor movement,0.000076,8.9109
2026-06-08T11:50:44.273+08:00,Left-click,0.000062,12.1759
2026-06-08T12:33:16.595+08:00,Cursor movement,0.000125,13.1839
2026-06-08T12:33:25.785+08:00,Left-click,0.000063,11.9348
2026-06-08T12:33:26.602+08:00,Cursor movement,0.000072,10.2748
2026-06-08T12:33:29.234+08:00,Left-click,0.000112,11.1769
2026-06-08T12:33:33.327+08:00,Double click,0.000080,9.7909
2026-06-08T12:33:34.382+08:00,Cursor movement,0.000097,9.0573
2026-06-08T12:33:45.152+08:00,Double click,0.000108,13.4846
2026-06-08T12:33:49.517+08:00,Pinch gestures,0.000092,13.0135
2026-06-08T12:33:59.315+08:00,Double click,0.000100,13.4650
2026-06-08T12:34:00.542+08:00,Launch Voice Assistant,0.000096,16.7457
2026-06-08T12:39:57.563+08:00,Double click,0.000113,12.2863
2026-06-08T12:39:58.455+08:00,Cursor movement,0.000105,11.6763
2026-06-08T12:40:03.607+08:00,Left-click,0.000081,14.4873
2026-06-08T12:40:04.311+08:00,Cursor movement,0.000076,11.5493
2026-06-08T12:40:08.495+08:00,Left-click,0.000072,13.3690
2026-06-08T12:40:10.348+08:00,Cursor movement,0.000095,9.7689
2026-06-08T12:40:14.121+08:00,Left-click,0.000063,12.0597
2026-06-08T12:40:14.550+08:00,Cursor movement,0.000078,16.2162
2026-06-08T12:40:16.632+08:00,Drag and drop,0.000062,15.2385
2026-06-08T12:40:18.047+08:00,Cursor movement,0.000087,14.8481
2026-06-08T12:40:23.836+08:00,Drag and drop,0.000079,11.8784
2026-06-08T12:40:24.553+08:00,Pinch gestures,0.000072,13.7042
2026-06-08T12:40:27.307+08:00,Cursor movement,0.000100,11.6040
2026-06-08T12:40:30.661+08:00,Pinch gestures,0.000071,12.5977
2026-06-08T12:40:34.973+08:00,Cursor movement,0.000075,15.0518
2026-06-08T12:40:36.482+08:00,Left-click,0.000078,14.4231
2026-06-08T12:40:36.990+08:00,Cursor movement,0.000100,25.7634
2026-06-08T12:40:39.434+08:00,Left-click,0.000070,27.0110
2026-06-08T12:40:40.161+08:00,Cursor movement,0.000069,28.6280
2026-06-08T12:40:41.228+08:00,Zoom gestures,0.000176,19.5791
2026-06-08T12:40:43.968+08:00,Right-click,0.000131,28.5564
2026-06-08T12:40:45.407+08:00,Drag and drop,0.000048,25.1832
2026-06-08T12:40:52.980+08:00,Cursor movement,0.000142,13.5869
2026-06-08T12:41:01.842+08:00,Right-click,0.000082,13.0354
2026-06-08T12:41:02.216+08:00,Cursor movement,0.000068,19.2208
2026-06-08T12:41:05.878+08:00,Left-click,0.000062,12.3375
2026-06-08T12:41:06.430+08:00,Cursor movement,0.000084,9.9115
2026-06-08T12:41:31.399+08:00,Left-click,0.000063,14.6232
2026-06-08T12:41:31.789+08:00,Cursor movement,0.000070,11.5090
2026-06-08T12:41:32.680+08:00,Left-click,0.000080,9.7162
2026-06-08T12:41:33.518+08:00,Cursor movement,0.000079,22.4886
2026-06-08T12:41:34.979+08:00,Left-click,0.000068,23.8757
2026-06-08T12:41:36.003+08:00,Cursor movement,0.000083,21.5105
2026-06-08T12:41:41.150+08:00,Launch Voice Assistant,0.000102,16.0000
2026-06-14T13:48:49.544+08:00,Cursor movement,0.000070,10.3867
2026-06-14T13:48:55.754+08:00,Pinch gestures,0.000063,12.2587
2026-06-14T13:48:56.525+08:00,Cursor movement,0.000064,11.7424
2026-06-14T13:49:03.469+08:00,Right-click,0.000066,12.7418
2026-06-14T13:49:03.983+08:00,Cursor movement,0.000075,10.5973
2026-06-14T13:49:07.926+08:00,Left-click,0.000062,10.9849
2026-06-14T13:49:08.541+08:00,Cursor movement,0.000077,13.2911
2026-06-14T13:49:10.064+08:00,Left-click,0.000075,18.5987
2026-06-14T13:49:10.481+08:00,Cursor movement,0.000071,23.6111
2026-06-14T13:49:15.403+08:00,Pinch gestures,0.000071,16.5580
2026-06-14T13:49:15.754+08:00,Drag and drop,0.000060,11.3314
2026-06-14T13:49:17.821+08:00,Cursor movement,0.000069,14.5961
2026-06-14T13:49:21.922+08:00,Drag and drop,0.000066,13.2937
2026-06-14T13:49:22.201+08:00,Pinch gestures,0.000112,11.3793
2026-06-14T13:49:22.229+08:00,Drag and drop,0.000061,32.2581
2026-06-14T13:49:24.099+08:00,Pinch gestures,0.000065,13.7859
2026-06-14T13:49:24.243+08:00,Drag and drop,0.000077,12.4138
2026-06-14T13:49:25.315+08:00,Cursor movement,0.000069,13.2969
2026-06-14T13:49:26.173+08:00,Left-click,0.000062,10.0112
2026-06-14T13:49:26.688+08:00,Cursor movement,0.000076,15.0289
2026-06-14T13:49:27.923+08:00,Pinch gestures,0.000080,13.2283
2026-06-14T13:49:30.136+08:00,Cursor movement,0.000075,13.6722
2026-06-14T13:49:31.713+08:00,Left-click,0.000083,13.2672
2026-06-14T13:49:32.276+08:00,Cursor movement,0.000090,14.2373
2026-06-14T13:49:34.074+08:00,Left-click,0.000070,14.7826
2026-06-14T13:49:34.122+08:00,Pinch gestures,0.000060,12.5000
2026-06-14T13:49:37.316+08:00,Left-click,0.000079,15.3120
2026-06-14T13:49:37.832+08:00,Cursor movement,0.000077,16.3776
2026-06-14T13:49:51.450+08:00,Pinch gestures,0.000068,14.6912
2026-06-14T13:49:58.401+08:00,Cursor movement,0.000106,14.8782
2026-06-14T13:50:02.028+08:00,Left-click,0.000067,13.0388
2026-06-14T13:50:02.726+08:00,Cursor movement,0.000076,11.9777
2026-06-14T13:50:05.971+08:00,Left-click,0.000074,12.6575
2026-06-14T13:50:13.144+08:00,Drag and drop,0.000077,14.2663
2026-06-14T13:50:13.544+08:00,Cursor movement,0.000070,10.3614
2026-06-14T13:50:16.549+08:00,Left-click,0.000060,10.2489
2026-06-14T13:50:20.028+08:00,Pinch gestures,0.000066,19.3395
2026-06-14T13:50:28.112+08:00,Cursor movement,0.000071,14.5367
2026-06-14T13:50:29.265+08:00,Pinch gestures,0.000068,15.1104
2026-06-14T13:50:32.541+08:00,Cursor movement,0.000080,15.0921
2026-06-14T13:50:35.889+08:00,Left-click,0.000061,13.7641
2026-06-14T13:50:36.371+08:00,Cursor movement,0.000068,15.3846
2026-06-14T13:50:38.604+08:00,Left-click,0.000062,12.9525
2026-06-14T13:50:52.443+08:00,Pinch gestures,0.000063,17.4338
2026-06-14T13:50:53.077+08:00,Cursor movement,0.000070,18.0835
2026-06-14T13:50:55.031+08:00,Pinch gestures,0.000121,12.7246
2026-06-14T13:51:02.656+08:00,Cursor movement,0.000089,15.6330
2026-06-14T13:51:05.115+08:00,Pinch gestures,0.000063,21.5494
2026-06-14T13:51:18.153+08:00,Right-click,0.000067,13.2793
2026-06-14T13:51:19.101+08:00,Launch Voice Assistant,0.000083,10.7030
2026-06-14T13:56:33.794+08:00,Cursor movement,0.000075,17.3800
2026-06-14T13:56:37.648+08:00,Left-click,0.000063,10.9225
2026-06-14T13:56:38.457+08:00,Cursor movement,0.000057,43.5561
2026-06-14T13:56:39.918+08:00,Drag and drop,0.000063,14.6535
2026-06-14T13:56:42.585+08:00,Cursor movement,0.000070,13.5612
2026-06-14T13:56:47.029+08:00,Left-click,0.000064,12.7102
2026-06-14T13:56:47.799+08:00,Cursor movement,0.000080,12.3724
2026-06-14T13:56:53.017+08:00,Launch Voice Assistant,0.000077,12.6050
2026-06-14T14:01:09.036+08:00,Right-click,0.000062,12.3799
2026-06-14T14:01:15.425+08:00,Double click,0.000079,10.6033
2026-06-14T14:01:15.937+08:00,Cursor movement,0.000074,11.0465
2026-06-14T14:01:19.842+08:00,Right-click,0.000061,10.9145
2026-06-14T14:01:22.862+08:00,Cursor movement,0.000069,10.9416
2026-06-14T14:01:24.302+08:00,Right-click,0.000062,10.1889
2026-06-14T14:01:26.495+08:00,Cursor movement,0.000076,14.5147
2026-06-14T14:01:29.913+08:00,Left-click,0.000068,13.2345
2026-06-14T14:01:30.466+08:00,Double click,0.000080,13.1206
2026-06-14T14:01:31.941+08:00,Cursor movement,0.000076,12.7815
2026-06-14T14:01:33.634+08:00,Right-click,0.000067,10.6052
2026-06-14T14:01:33.891+08:00,Cursor movement,0.000069,17.6259
2026-06-14T14:01:37.606+08:00,Double click,0.000071,10.9535
2026-06-14T14:01:44.019+08:00,Double click,0.000100,11.9741
2026-06-14T14:01:45.066+08:00,Cursor movement,0.000070,12.8347
2026-06-14T14:01:47.994+08:00,Left-click,0.000044,13.2844
2026-06-14T14:09:54.686+08:00,Drag and drop,0.000085,10.1381
2026-06-14T14:09:58.621+08:00,Double click,0.000079,12.7538
2026-06-14T14:10:00.443+08:00,Drag and drop,0.000062,13.8042
2026-06-14T14:10:06.021+08:00,Cursor movement,0.000076,11.1014
2026-06-14T14:10:06.818+08:00,Right-click,0.000062,8.7167
2026-06-14T14:10:07.073+08:00,Cursor movement,0.000070,10.4651
2026-06-14T14:10:11.601+08:00,Double click,0.000051,11.5227
2026-06-14T14:10:11.936+08:00,Cursor movement,0.000073,12.6100
2026-06-14T14:10:14.258+08:00,Double click,0.000078,10.5374
2026-06-14T14:10:15.006+08:00,Cursor movement,0.000076,14.0770
2026-06-14T14:10:15.819+08:00,Double click,0.000072,12.6082
2026-06-14T14:10:16.051+08:00,Cursor movement,0.000081,9.9567
2026-06-14T14:10:25.249+08:00,Right-click,0.000065,12.4339
2026-06-14T14:10:26.422+08:00,Double click,0.000076,13.1023
2026-06-14T14:10:27.444+08:00,Cursor movement,0.000071,12.1789
2026-06-14T14:10:41.525+08:00,Pinch gestures,0.000121,15.6967
2026-06-14T14:10:43.169+08:00,Cursor movement,0.000067,14.4197
2026-06-14T14:10:44.142+08:00,Pinch gestures,0.000064,14.1117
2026-06-14T14:10:44.189+08:00,Cursor movement,0.000052,12.5000
2026-06-14T14:10:50.465+08:00,Pinch gestures,0.000061,11.3429
2026-06-14T14:10:58.225+08:00,Double click,0.000073,10.7407
2026-06-14T14:10:59.286+08:00,Cursor movement,0.000067,9.5903
2026-06-14T14:11:04.281+08:00,Right-click,0.000064,9.6573
2026-06-14T14:11:05.241+08:00,Cursor movement,0.000078,15.1329
2026-06-14T14:11:06.060+08:00,Right-click,0.000113,14.0964
2026-06-14T14:11:06.624+08:00,Cursor movement,0.000078,10.0346
2026-06-14T14:11:07.429+08:00,Pinch gestures,0.000121,10.1591
2026-06-14T14:11:07.834+08:00,Cursor movement,0.000070,7.9710
2026-06-14T14:11:13.491+08:00,Pinch gestures,0.000056,11.7212
2026-06-14T14:11:44.966+08:00,Launch Voice Assistant,0.000071,12.5723
2026-06-14T14:13:02.685+08:00,Cursor movement,0.000077,13.3384
2026-06-14T14:13:04.318+08:00,Double click,0.000110,15.5450
2026-06-14T14:13:06.310+08:00,Cursor movement,0.000073,26.7736
2026-06-14T14:13:09.816+08:00,Left-click,0.000075,28.5319
2026-06-14T14:13:10.138+08:00,Cursor movement,0.000078,40.7738
2026-06-14T14:13:20.223+08:00,Left-click,0.000062,13.9890
2026-06-14T14:13:21.385+08:00,Double click,0.000149,19.9671
2026-06-14T14:13:23.889+08:00,Cursor movement,0.000070,16.1890
2026-06-14T14:13:25.618+08:00,Double click,0.000077,14.2126
2026-06-14T14:13:32.310+08:00,Drag and drop,0.000075,12.3854
2026-06-14T14:13:32.774+08:00,Cursor movement,0.000069,10.6918
2026-06-14T14:13:37.191+08:00,Pinch gestures,0.000080,23.6047
2026-06-14T14:13:45.546+08:00,Drag and drop,0.000068,22.5608
2026-06-14T14:13:48.134+08:00,Launch Voice Assistant,0.000103,17.8773
2026-06-14T14:21:08.873+08:00,Cursor movement,0.000048,41.6820
2026-06-14T14:21:13.420+08:00,Double click,0.000087,38.3713
2026-06-14T14:21:14.540+08:00,Cursor movement,0.000111,44.9785
2026-06-14T14:21:19.806+08:00,Right-click,0.000063,39.3560
2026-06-14T14:21:22.254+08:00,Pinch gestures,0.000063,45.7426
2026-06-14T14:24:09.925+08:00,Double click,0.000096,50.1054
2026-06-14T14:24:10.286+08:00,Cursor movement,0.000090,45.7865
2026-06-14T14:24:22.824+08:00,Pinch gestures,0.000044,44.9475
2026-06-14T14:24:41.867+08:00,Drag and drop,0.000046,40.0367
2026-06-14T14:24:42.648+08:00,Launch Voice Assistant,0.000046,54.0741
2026-06-14T14:26:14.940+08:00,Cursor movement,0.000050,48.1716
2026-06-14T14:26:20.057+08:00,Left-click,0.000114,48.2025
2026-06-14T14:26:20.501+08:00,Cursor movement,0.000193,64.9667
2026-06-14T14:26:22.197+08:00,Drag and drop,0.000083,71.0898
2026-06-14T14:26:24.724+08:00,Cursor movement,0.000143,68.0949
2026-06-14T14:26:30.498+08:00,Launch Voice Assistant,0.000120,77.7685
2026-06-14T14:27:08.560+08:00,Cursor movement,0.000052,49.0157
2026-06-14T14:27:18.476+08:00,Left-click,0.000046,47.5402
2026-06-14T14:27:19.868+08:00,Cursor movement,0.000108,79.9441
2026-06-14T14:27:22.003+08:00,Left-click,0.000049,74.2986
2026-06-14T14:27:23.087+08:00,Cursor movement,0.000093,56.5730
2026-06-14T14:27:23.996+08:00,Right-click,0.000054,45.0958
2026-06-14T14:27:25.184+08:00,Cursor movement,0.000089,56.0484
2026-06-14T14:27:26.697+08:00,Left-click,0.000051,48.8832
2026-06-14T14:27:27.239+08:00,Cursor movement,0.000096,46.2094
2026-06-14T14:29:34.168+08:00,Cursor movement,0.000079,37.0583
2026-06-14T14:29:40.067+08:00,Pinch gestures,0.000100,43.1292
2026-06-14T14:29:58.631+08:00,Drag and drop,0.000079,43.1464
2026-06-14T14:30:00.381+08:00,Launch Voice Assistant,0.000078,44.7091
2026-06-14T14:31:22.469+08:00,Cursor movement,0.000062,60.4899
2026-06-14T14:31:23.726+08:00,Double click,0.000126,65.2308
2026-06-14T14:31:25.048+08:00,Cursor movement,0.000093,65.5930
2026-06-14T14:31:28.105+08:00,Double click,0.000166,55.4886
2026-06-14T14:31:28.765+08:00,Cursor movement,0.000113,55.1777
2026-06-14T14:31:29.126+08:00,Double click,0.000055,50.8108
2026-06-14T14:31:29.834+08:00,Cursor movement,0.000095,69.8611
2026-06-14T14:31:32.352+08:00,Double click,0.000114,61.4241
2026-06-14T14:31:34.385+08:00,Cursor movement,0.000051,51.3935
2026-06-14T14:31:35.355+08:00,Double click,0.000090,74.5098
2026-06-14T14:31:38.679+08:00,Cursor movement,0.000049,55.6549
2026-06-14T14:31:39.513+08:00,Double click,0.000054,31.9347
2026-06-14T14:31:42.368+08:00,Cursor movement,0.000124,55.5706
2026-06-14T15:45:23.399+08:00,Cursor movement,0.000078,41.4484
2026-06-26T16:31:44.011+08:00,Cursor movement,0.000082,21.2619
2026-06-26T16:31:48.295+08:00,Launch Voice Assistant,0.000067,24.3299
2026-06-27T16:36:05.626+08:00,Launch Voice Assistant,0.000076,13.5039
2026-06-27T16:39:35.106+08:00,Cursor movement,0.000073,22.2046
2026-06-27T16:39:38.713+08:00,Launch Voice Assistant,0.000066,16.6489
2026-06-27T16:40:47.788+08:00,Drag and drop,0.000065,18.1693
2026-06-27T16:40:56.144+08:00,Cursor movement,0.000079,18.2866
2026-06-27T16:40:56.547+08:00,Left-click,0.000068,19.1589
2026-06-27T16:40:57.682+08:00,Cursor movement,0.000076,16.3976
2026-06-27T16:40:58.607+08:00,Left-click,0.000065,12.9032
2026-06-27T16:40:59.329+08:00,Cursor movement,0.000053,16.3347
2026-06-27T16:41:00.077+08:00,Right-click,0.000075,17.0732
2026-06-27T16:41:00.807+08:00,Cursor movement,0.000078,11.1860
2026-06-27T16:41:01.427+08:00,Pinch gestures,0.000069,9.4787
2026-06-27T16:41:02.627+08:00,Drag and drop,0.000072,11.4609
2026-06-27T16:41:04.009+08:00,Cursor movement,0.000072,13.9045
2026-06-27T16:41:06.268+08:00,Left-click,0.000063,11.6804
2026-06-27T16:41:15.273+08:00,Zoom gestures,0.000128,14.4698
2026-06-27T16:41:17.131+08:00,Right-click,0.000122,12.2310
2026-06-27T16:41:21.187+08:00,Pinch gestures,0.000072,12.4313
2026-06-27T16:41:30.445+08:00,Cursor movement,0.000070,13.9456
2026-06-27T16:41:34.859+08:00,Left-click,0.000066,14.1786
2026-06-27T16:41:37.102+08:00,Cursor movement,0.000081,14.1427
2026-06-27T16:41:40.166+08:00,Left-click,0.000066,14.1270
2026-06-28T13:22:23.132+08:00,Cursor movement,0.000077,18.5472
2026-06-28T13:23:20.039+08:00,Cursor movement,0.000071,17.6127
2026-06-28T13:23:21.980+08:00,Launch Voice Assistant,0.000084,15.1576
2026-07-06T22:53:44.676+08:00,Right-click,0.000145,31.6781
2026-07-06T22:53:45.153+08:00,Drag and drop,0.000094,22.2689
2026-07-06T22:53:45.687+08:00,Pinch gestures,0.000143,22.4044
2026-07-06T22:53:46.800+08:00,Drag and drop,0.000073,24.0000
2026-07-06T22:54:11.842+08:00,Cursor movement,0.000081,21.4999
2026-07-06T22:54:33.881+08:00,Drag and drop,0.000047,19.7915
2026-07-06T22:54:36.010+08:00,Cursor movement,0.000051,28.6818
2026-07-06T23:00:27.128+08:00,Drag and drop,0.000069,30.7317
2026-07-06T23:00:28.864+08:00,Cursor movement,0.000078,19.1874
2026-07-06T23:00:29.995+08:00,Left-click,0.000080,22.4700
2026-07-06T23:00:31.936+08:00,Drag and drop,0.000120,28.6427
2026-07-06T23:01:48.315+08:00,Right-click,0.000063,26.0585
2026-07-06T23:02:42.207+08:00,Right-click,0.000044,36.3548
2026-07-07T12:16:10.154+08:00,Cursor movement,0.000069,17.9525
2026-07-07T12:43:27.618+08:00,Cursor movement,0.000079,16.9791
2026-07-07T12:43:31.813+08:00,Left-click,0.000069,13.8419
2026-07-07T12:43:32.412+08:00,Cursor movement,0.000078,20.5980
2026-07-07T12:43:38.480+08:00,Drag and drop,0.000062,14.1737
2026-07-07T12:43:43.584+08:00,Cursor movement,0.000073,15.1904
2026-07-07T12:43:44.701+08:00,Left-click,0.000068,15.5594
2026-07-07T12:43:46.165+08:00,Cursor movement,0.000084,15.7825
2026-07-07T12:43:47.522+08:00,Drag and drop,0.000080,14.4397
2026-07-07T12:48:33.528+08:00,Cursor movement,0.000070,12.3311
2026-07-07T12:48:34.917+08:00,Drag and drop,0.000070,11.2209
2026-07-07T12:48:40.589+08:00,Cursor movement,0.000072,17.3756
2026-07-07T12:48:43.306+08:00,Drag and drop,0.000067,12.2889
2026-07-07T13:06:58.757+08:00,Cursor movement,0.000075,10.7544
2026-07-07T13:07:01.074+08:00,Double click,0.000073,18.9074
2026-07-07T13:07:01.769+08:00,Cursor movement,0.000052,30.4225
2026-07-07T13:07:05.066+08:00,Left-click,0.000081,12.0532
2026-07-07T13:07:05.798+08:00,Cursor movement,0.000090,17.2973
2026-07-07T13:07:10.729+08:00,Left-click,0.000063,13.9929
2026-07-07T13:25:31.501+08:00,Launch Voice Assistant,0.000065,10.8761
2026-07-07T13:26:03.220+08:00,Launch Voice Assistant,0.000071,12.7114
2026-07-07T13:33:09.756+08:00,Cursor movement,0.000071,11.8841
2026-07-07T13:33:12.366+08:00,Pinch gestures,0.000063,20.7154
2026-07-07T13:33:18.721+08:00,Cursor movement,0.000070,22.4839
2026-07-07T13:33:25.633+08:00,Left-click,0.000078,21.2530
2026-07-07T13:33:27.375+08:00,Cursor movement,0.000077,16.7879
2026-07-07T13:33:29.821+08:00,Double click,0.000073,16.2109
2026-07-07T13:33:30.449+08:00,Cursor movement,0.000057,20.3101
2026-07-07T13:33:30.875+08:00,Double click,0.000085,13.0926
2026-07-07T13:33:31.408+08:00,Cursor movement,0.000090,20.1117
2026-07-07T13:33:31.876+08:00,Left-click,0.000063,10.8108
2026-07-07T13:33:32.573+08:00,Cursor movement,0.000085,14.1243
2026-07-07T13:33:38.573+08:00,Pinch gestures,0.000061,15.8697
2026-07-07T13:33:42.653+08:00,Cursor movement,0.000076,20.3748
2026-07-07T13:33:43.507+08:00,Left-click,0.000064,25.8877
2026-07-07T13:33:48.706+08:00,Launch Voice Assistant,0.000064,15.2981
2026-07-07T13:37:09.320+08:00,Cursor movement,0.000071,13.0698
2026-07-07T13:37:31.387+08:00,Left-click,0.000062,13.3054
2026-07-07T13:37:31.786+08:00,Cursor movement,0.000085,35.4680
2026-07-07T13:37:36.388+08:00,Left-click,0.000080,13.2263
2026-07-07T13:37:37.063+08:00,Cursor movement,0.000057,33.5277
2026-07-07T13:37:41.547+08:00,Left-click,0.000063,13.3884
2026-07-07T13:37:48.983+08:00,Cursor movement,0.000146,12.3350
2026-07-07T13:38:03.143+08:00,Zoom gestures,0.000123,13.8419
2026-07-07T13:38:04.130+08:00,Right-click,0.000114,8.8206
2026-07-07T13:38:14.585+08:00,Pinch gestures,0.000063,17.3824
2026-07-07T13:38:17.170+08:00,Right-click,0.000067,19.5552
2026-07-07T13:38:18.639+08:00,Pinch gestures,0.000083,13.9799
2026-07-07T13:38:56.794+08:00,Cursor movement,0.000090,13.7604
2026-07-07T13:39:15.931+08:00,Right-click,0.000061,13.4263
2026-07-07T13:39:17.108+08:00,Cursor movement,0.000076,9.7315
2026-07-07T13:39:21.819+08:00,Right-click,0.000068,11.2186
2026-07-07T13:39:24.257+08:00,Cursor movement,0.000072,9.8512
2026-07-07T13:39:25.588+08:00,Left-click,0.000063,15.4797
2026-07-07T13:39:26.535+08:00,Cursor movement,0.000075,27.5974
2026-07-07T13:39:28.264+08:00,Drag and drop,0.000068,16.6667
2026-07-07T14:39:53.697+08:00,Cursor movement,0.000046,21.1217
2026-07-07T14:39:56.628+08:00,Left-click,0.000087,30.0706
2026-07-07T14:39:57.375+08:00,Cursor movement,0.000084,31.1111
2026-07-07T14:39:58.681+08:00,Right-click,0.000066,21.9157
2026-07-07T14:39:59.455+08:00,Cursor movement,0.000116,34.5833
2026-07-07T14:40:00.820+08:00,Left-click,0.000044,29.8720
2026-07-07T14:40:01.327+08:00,Cursor movement,0.000109,23.2283
2026-07-07T14:40:01.965+08:00,Left-click,0.000066,20.7831
2026-07-07T14:40:05.628+08:00,Pinch gestures,0.000044,32.2164
2026-07-07T14:40:18.493+08:00,Launch Voice Assistant,0.000075,26.5337
2026-07-07T15:20:12.750+08:00,Cursor movement,0.000102,27.2959
2026-07-07T15:20:17.096+08:00,Left-click,0.000089,29.0495
2026-07-07T15:20:17.803+08:00,Cursor movement,0.000051,25.0689
2026-07-07T15:20:18.978+08:00,Left-click,0.000052,16.7780
2026-07-07T15:20:19.889+08:00,Cursor movement,0.000093,27.6596
2026-07-07T15:20:22.921+08:00,Pinch gestures,0.000051,35.1775
2026-07-07T15:20:35.494+08:00,Launch Voice Assistant,0.000082,30.2272
2026-07-07T15:23:04.437+08:00,Cursor movement,0.000055,31.0562
2026-07-07T15:23:06.985+08:00,Pinch gestures,0.000083,33.9157
2026-07-07T15:23:14.247+08:00,Launch Voice Assistant,0.000065,44.5716
2026-07-07T15:24:23.592+08:00,Cursor movement,0.000064,41.6095
2026-07-07T15:24:25.147+08:00,Left-click,0.000090,57.1869
2026-07-07T15:24:25.853+08:00,Cursor movement,0.000056,43.5971
2026-07-07T15:24:27.293+08:00,Left-click,0.000072,32.5866
2026-07-07T15:24:28.122+08:00,Cursor movement,0.000096,39.5294
2026-07-07T15:24:29.357+08:00,Right-click,0.000094,58.8967
2026-07-07T15:24:30.275+08:00,Cursor movement,0.000106,57.6963
2026-07-07T15:24:33.935+08:00,Launch Voice Assistant,0.000119,54.2359
2026-07-07T15:31:49.021+08:00,Cursor movement,0.000082,19.0108
2026-07-07T15:31:52.946+08:00,Left-click,0.000101,17.9392
2026-07-07T15:31:53.714+08:00,Cursor movement,0.000050,46.3079
2026-07-07T15:31:55.449+08:00,Launch Voice Assistant,0.000077,22.9654
2026-07-07T15:37:40.630+08:00,Cursor movement,0.000107,17.5592
2026-07-07T15:37:52.418+08:00,Left-click,0.000064,19.5325
2026-07-07T15:37:53.136+08:00,Cursor movement,0.000082,19.0411
2026-07-07T15:37:54.071+08:00,Left-click,0.000073,24.3020
2026-07-07T15:37:55.118+08:00,Cursor movement,0.000120,24.0187
2026-07-07T15:37:56.703+08:00,Right-click,0.000069,26.7399
2026-07-07T15:37:58.419+08:00,Cursor movement,0.000073,22.7582
2026-07-07T15:38:06.162+08:00,Pinch gestures,0.000087,18.0919
2026-07-07T15:38:47.678+08:00,Cursor movement,0.000084,19.0094
2026-07-07T15:38:49.642+08:00,Left-click,0.000085,30.4091
2026-07-07T15:38:50.021+08:00,Cursor movement,0.000061,19.5767
2026-07-07T15:38:54.901+08:00,Pinch gestures,0.000073,15.5365
2026-07-07T15:47:36.727+08:00,Cursor movement,0.000104,17.5000
2026-07-07T15:48:01.640+08:00,Drag and drop,0.000068,26.4051
2026-07-07T15:51:53.824+08:00,Cursor movement,0.000076,16.0031
2026-07-07T15:52:04.423+08:00,Drag and drop,0.000065,18.3119
2026-07-07T15:52:06.076+08:00,Cursor movement,0.000081,15.7336
2026-07-07T15:54:58.969+08:00,Cursor movement,0.000075,17.0729
2026-07-07T15:55:03.524+08:00,Left-click,0.000103,22.1012
2026-07-07T15:55:04.221+08:00,Cursor movement,0.000077,27.8008
2026-07-07T15:55:04.955+08:00,Right-click,0.000069,25.5405
2026-07-07T15:55:05.755+08:00,Cursor movement,0.000100,15.3941
2026-07-07T15:55:06.365+08:00,Drag and drop,0.000068,16.9872
2026-07-07T15:55:08.756+08:00,Cursor movement,0.000100,31.2016
2026-07-07T15:55:14.943+08:00,Pinch gestures,0.000095,22.1890
2026-07-07T15:55:28.475+08:00,Launch Voice Assistant,0.000073,20.6406
2026-07-07T15:55:50.675+08:00,Cursor movement,0.000080,16.1302
2026-07-07T15:55:56.574+08:00,Left-click,0.000077,17.2158
2026-07-07T15:55:57.310+08:00,Cursor movement,0.000092,18.4246
2026-07-07T15:56:08.633+08:00,Left-click,0.000082,17.3413
2026-07-07T15:56:24.659+08:00,Cursor movement,0.000106,17.1609
2026-07-07T15:56:29.853+08:00,Left-click,0.000064,18.9381
2026-07-07T15:56:30.474+08:00,Cursor movement,0.000080,19.7802
2026-07-07T15:56:30.999+08:00,Right-click,0.000071,29.4991
2026-07-07T15:56:31.661+08:00,Cursor movement,0.000053,17.5439
2026-07-07T15:56:32.436+08:00,Drag and drop,0.000072,15.5303
2026-07-07T15:56:34.517+08:00,Cursor movement,0.000074,17.2414
2026-07-07T15:56:36.846+08:00,Left-click,0.000077,19.6037
2026-07-07T16:35:41.140+08:00,Launch Voice Assistant,0.000047,29.1125
2026-07-07T16:47:05.858+08:00,Launch Voice Assistant,0.000062,27.8423
2026-07-07T16:52:18.033+08:00,Cursor movement,0.000077,28.3280
2026-07-07T16:52:20.737+08:00,Left-click,0.000047,30.7445
2026-07-07T16:52:21.564+08:00,Cursor movement,0.000114,45.2409
2026-07-07T16:52:22.768+08:00,Left-click,0.000083,39.6761
2026-07-07T16:52:23.551+08:00,Cursor movement,0.000070,36.2301
2026-07-07T16:52:25.268+08:00,Pinch gestures,0.000084,28.6201
2026-07-07T16:52:50.655+08:00,Launch Voice Assistant,0.000095,31.2869
2026-07-07T16:56:52.967+08:00,Cursor movement,0.000096,19.8954
2026-07-07T16:57:05.426+08:00,Pinch gestures,0.000064,20.6235
2026-07-07T16:57:13.075+08:00,Cursor movement,0.000143,23.2691
2026-07-07T16:57:15.116+08:00,Left-click,0.000085,20.6334
2026-07-07T16:57:15.741+08:00,Cursor movement,0.000079,12.4601
2026-07-07T16:57:16.352+08:00,Right-click,0.000080,16.9059
2026-07-07T16:57:17.116+08:00,Cursor movement,0.000080,15.5894
2026-07-07T16:57:52.483+08:00,Left-click,0.000065,16.9973
2026-07-07T16:57:53.036+08:00,Cursor movement,0.000078,24.2160
2026-07-07T16:57:55.532+08:00,Left-click,0.000065,17.2684
2026-07-07T16:58:10.413+08:00,Cursor movement,0.000072,16.6797
2026-07-07T16:58:17.876+08:00,Pinch gestures,0.000077,26.9046
2026-07-07T16:58:19.360+08:00,Cursor movement,0.000094,27.9633
2026-07-07T16:58:19.832+08:00,Left-click,0.000068,22.1532
2026-07-07T16:58:20.506+08:00,Cursor movement,0.000051,19.6816
2026-07-07T16:58:20.923+08:00,Right-click,0.000070,17.8922
2026-07-07T16:58:21.556+08:00,Cursor movement,0.000080,18.3230
2026-07-07T16:58:25.284+08:00,Left-click,0.000082,18.3908
2026-07-07T17:30:45.044+08:00,Cursor movement,0.000093,29.2085
2026-07-07T17:30:50.265+08:00,Left-click,0.000177,27.7252
2026-07-07T17:30:51.141+08:00,Cursor movement,0.000102,41.1897
2026-07-07T17:30:53.761+08:00,Left-click,0.000086,39.3200
2026-07-07T17:30:54.367+08:00,Cursor movement,0.000052,53.2488
2026-07-07T17:30:56.676+08:00,Pinch gestures,0.000080,27.3649
2026-07-07T17:31:26.070+08:00,Launch Voice Assistant,0.000072,30.8435
2026-07-07T17:37:45.907+08:00,Cursor movement,0.000084,18.0180
2026-07-07T17:37:57.946+08:00,Pinch gestures,0.000084,21.3370
2026-07-07T17:38:04.123+08:00,Cursor movement,0.000079,25.9428
2026-07-07T17:38:11.915+08:00,Left-click,0.000072,22.1504
2026-07-07T17:38:12.388+08:00,Cursor movement,0.000080,33.5443
2026-07-07T17:38:15.477+08:00,Left-click,0.000045,24.9371
2026-07-07T17:38:16.136+08:00,Cursor movement,0.000087,47.1893
2026-07-07T17:38:20.104+08:00,Pinch gestures,0.000073,19.0732
2026-07-07T17:38:35.732+08:00,Cursor movement,0.000077,19.3785
2026-07-07T17:38:58.624+08:00,Left-click,0.000065,19.3877
2026-07-07T17:38:59.008+08:00,Cursor movement,0.000106,30.8642
2026-07-07T17:39:03.797+08:00,Left-click,0.000053,27.6876
2026-07-07T17:39:13.610+08:00,Cursor movement,0.000084,17.4094
2026-07-07T17:39:17.694+08:00,Left-click,0.000085,22.9454
2026-07-07T17:39:18.248+08:00,Cursor movement,0.000080,16.5202
2026-07-07T17:39:18.728+08:00,Right-click,0.000063,17.2414
2026-07-07T17:39:19.321+08:00,Cursor movement,0.000075,16.9435
2026-07-07T17:39:20.703+08:00,Double click,0.000087,16.8675
2026-07-07T17:39:22.043+08:00,Drag and drop,0.000063,18.9306
2026-07-07T17:39:23.758+08:00,Cursor movement,0.000071,19.8193
2026-07-07T17:39:27.340+08:00,Left-click,0.000073,26.5312
2026-07-07T18:10:41.970+08:00,Cursor movement,0.000085,30.6131
2026-07-07T18:10:53.722+08:00,Left-click,0.000107,27.8628
2026-07-07T18:10:54.250+08:00,Cursor movement,0.000082,27.5472
2026-07-07T18:10:54.800+08:00,Right-click,0.000142,42.4710
2026-07-07T18:10:55.190+08:00,Cursor movement,0.000080,31.0078
2026-07-07T18:10:55.601+08:00,Double click,0.000097,36.0775
2026-07-07T18:10:56.505+08:00,Drag and drop,0.000123,28.8986
2026-07-07T18:10:58.849+08:00,Cursor movement,0.000049,25.9735
2026-07-07T18:11:03.160+08:00,Left-click,0.000072,30.7640
2026-07-07T18:11:03.787+08:00,Cursor movement,0.000106,52.0570
2026-07-07T18:11:08.653+08:00,Pinch gestures,0.000080,35.9148
2026-07-07T18:11:52.907+08:00,Cursor movement,0.000083,28.8420
2026-07-07T18:11:55.662+08:00,Left-click,0.000071,29.5918
2026-07-07T18:11:56.226+08:00,Cursor movement,0.000087,28.1961
2026-07-07T18:12:05.835+08:00,Left-click,0.000081,27.6140
2026-07-07T18:12:16.764+08:00,Cursor movement,0.000089,26.9843
2026-07-07T18:12:19.821+08:00,Left-click,0.000089,30.1935
2026-07-07T18:12:20.218+08:00,Cursor movement,0.000081,26.7157
2026-07-07T18:12:20.815+08:00,Right-click,0.000071,27.4510
2026-07-07T18:12:21.243+08:00,Cursor movement,0.000078,22.8833
2026-07-07T18:12:21.884+08:00,Double click,0.000094,23.9695
2026-07-07T18:12:22.348+08:00,Cursor movement,0.000089,28.8382
2026-07-07T18:12:24.107+08:00,Drag and drop,0.000074,26.1376
2026-07-07T18:20:00.551+08:00,Cursor movement,0.000073,28.2222
2026-07-07T18:20:15.506+08:00,Left-click,0.000080,31.8941
2026-07-07T18:20:15.847+08:00,Cursor movement,0.000088,26.1765
2026-07-07T18:20:16.688+08:00,Right-click,0.000075,24.8528
2026-07-07T18:20:17.532+08:00,Cursor movement,0.000087,21.8605
2026-07-07T18:20:17.888+08:00,Double click,0.000078,29.9191
2026-07-07T18:20:18.614+08:00,Cursor movement,0.000095,24.8634
2026-07-07T18:20:18.936+08:00,Drag and drop,0.000046,31.0559
2026-07-07T18:20:29.360+08:00,Pinch gestures,0.000090,30.9601
2026-07-07T18:20:54.608+08:00,Cursor movement,0.000086,30.5148
2026-07-07T18:20:58.167+08:00,Left-click,0.000067,28.4271
2026-07-07T18:20:58.750+08:00,Cursor movement,0.000080,29.4807
2026-07-07T18:21:06.118+08:00,Left-click,0.000082,29.1694
2026-07-07T18:21:07.375+08:00,Cursor movement,0.000092,23.7354
2026-07-07T18:21:08.362+08:00,Left-click,0.000079,26.9497
2026-07-07T18:21:18.392+08:00,Cursor movement,0.000110,29.2921
2026-07-07T18:21:25.189+08:00,Left-click,0.000067,28.2143
2026-07-07T18:21:26.126+08:00,Right-click,0.000070,23.6287
2026-07-07T18:21:26.895+08:00,Cursor movement,0.000106,24.8724
2026-07-07T18:21:27.404+08:00,Double click,0.000108,28.2946
2026-07-07T18:21:28.184+08:00,Cursor movement,0.000087,24.9383
2026-07-07T18:21:48.054+08:00,Launch Voice Assistant,0.000083,27.8193
2026-07-07T18:28:00.067+08:00,Cursor movement,0.000091,28.3250
2026-07-07T18:28:04.309+08:00,Left-click,0.000083,34.5064
2026-07-07T18:28:05.001+08:00,Cursor movement,0.000082,29.1725
2026-07-07T18:28:05.656+08:00,Right-click,0.000118,28.0488
2026-07-07T18:28:06.238+08:00,Cursor movement,0.000088,29.5492
2026-07-07T18:28:06.560+08:00,Double click,0.000076,31.1927
2026-07-07T18:28:07.333+08:00,Drag and drop,0.000162,25.5076
2026-07-07T18:28:21.244+08:00,Pinch gestures,0.000084,38.4397
2026-07-07T18:28:53.780+08:00,Cursor movement,0.000075,28.6356
2026-07-07T18:28:56.462+08:00,Left-click,0.000053,30.3986
2026-07-07T18:28:57.156+08:00,Cursor movement,0.000096,42.6966
2026-07-07T18:28:59.768+08:00,Left-click,0.000087,30.9937
2026-07-07T18:29:10.193+08:00,Cursor movement,0.000182,26.0020
2026-07-07T18:29:14.623+08:00,Left-click,0.000127,37.2292
2026-07-07T18:29:15.284+08:00,Cursor movement,0.000098,42.9412
2026-07-07T18:29:15.615+08:00,Right-click,0.000164,34.4928
2026-07-07T18:29:16.092+08:00,Cursor movement,0.000083,26.7223
2026-07-07T18:29:16.539+08:00,Double click,0.000079,26.8398
2026-07-07T18:29:17.349+08:00,Cursor movement,0.000130,22.2089
2026-07-07T18:29:18.892+08:00,Drag and drop,0.000044,25.8065
2026-07-07T18:29:31.059+08:00,Launch Voice Assistant,0.000100,26.5495
2026-07-13T14:02:38.008+08:00,Cursor movement,0.000065,12.3328
2026-07-13T14:02:41.840+08:00,Left-click,0.000070,11.7886
2026-07-13T14:02:42.560+08:00,Cursor movement,0.000074,14.2271
2026-07-13T14:02:47.895+08:00,Left-click,0.000074,12.6139
2026-07-13T14:02:48.637+08:00,Cursor movement,0.000079,17.2142
2026-07-13T14:02:53.068+08:00,Pinch gestures,0.000097,13.4620
2026-07-13T14:02:55.449+08:00,Cursor movement,0.000082,17.6832
2026-07-13T14:02:56.049+08:00,Pinch gestures,0.000136,23.6422
2026-07-13T14:02:56.243+08:00,Cursor movement,0.000077,26.4865
2026-07-13T14:02:56.667+08:00,Pinch gestures,0.000118,17.5799
2026-07-13T14:02:57.463+08:00,Cursor movement,0.000074,15.3465
2026-07-13T14:02:58.640+08:00,Pinch gestures,0.000119,13.1732
2026-07-13T14:02:58.685+08:00,Cursor movement,0.000067,21.7391
2026-07-13T14:02:59.822+08:00,Pinch gestures,0.000147,20.7770
2026-07-13T14:02:59.908+08:00,Cursor movement,0.000070,12.9870
2026-07-13T14:03:00.097+08:00,Pinch gestures,0.000117,20.5405
2026-07-13T14:03:00.183+08:00,Cursor movement,0.000064,16.6667
2026-07-13T14:03:05.055+08:00,Left-click,0.000061,13.6910
2026-07-13T14:03:05.669+08:00,Cursor movement,0.000076,26.4151
2026-07-13T14:03:06.027+08:00,Pinch gestures,0.000121,14.7945
2026-07-13T14:03:06.071+08:00,Cursor movement,0.000071,17.6471
2026-07-13T14:03:09.867+08:00,Left-click,0.000072,20.3647
2026-07-13T14:03:10.774+08:00,Cursor movement,0.000057,39.8727
2026-07-13T14:03:12.126+08:00,Pinch gestures,0.000102,20.3744
2026-07-13T14:03:13.921+08:00,Cursor movement,0.000080,20.2477
2026-07-13T14:03:29.570+08:00,Left-click,0.000065,15.6033
2026-07-13T14:03:30.297+08:00,Cursor movement,0.000140,34.8806
2026-07-13T14:03:31.793+08:00,Left-click,0.000081,16.2549
2026-07-13T14:03:32.454+08:00,Cursor movement,0.000064,19.5652
2026-07-13T14:03:33.749+08:00,Pinch gestures,0.000110,14.2750
2026-07-13T14:03:33.896+08:00,Right-click,0.000063,11.9403
2026-07-13T14:03:34.596+08:00,Zoom gestures,0.000130,14.5070
2026-07-13T14:03:36.808+08:00,Right-click,0.000134,18.4406
2026-07-13T14:03:38.290+08:00,Pinch gestures,0.000080,14.8246
2026-07-13T14:03:43.546+08:00,Zoom gestures,0.000118,20.0776
2026-07-13T14:03:45.329+08:00,Right-click,0.000123,20.1087
2026-07-13T14:03:46.151+08:00,Zoom gestures,0.000125,15.0296
2026-07-13T14:03:50.191+08:00,Right-click,0.000130,24.8921
2026-07-13T14:03:51.318+08:00,Zoom gestures,0.000128,12.0629
2026-07-13T14:03:54.103+08:00,Right-click,0.000203,20.5146
2026-07-13T14:03:56.626+08:00,Launch Voice Assistant,0.000071,13.3077
2026-07-13T14:06:22.164+08:00,Cursor movement,0.000077,12.5737
2026-07-13T14:06:35.744+08:00,Cursor movement,0.000070,15.4201
2026-07-13T14:06:36.167+08:00,Left-click,0.000070,16.8618
2026-07-13T14:06:36.633+08:00,Cursor movement,0.000070,12.3457
2026-07-13T14:06:36.978+08:00,Right-click,0.000063,16.5242
2026-07-13T14:06:37.492+08:00,Cursor movement,0.000236,13.9165
2026-07-13T14:06:37.833+08:00,Double click,0.000095,10.8824
2026-07-13T14:06:43.112+08:00,Pinch gestures,0.000086,13.7748
2026-07-13T14:06:48.220+08:00,Drag and drop,0.000098,17.0048
2026-07-13T14:06:54.005+08:00,Zoom gestures,0.000141,17.5518
2026-07-13T14:06:54.990+08:00,Right-click,0.000144,12.8180
2026-07-13T14:07:01.014+08:00,Left-click,0.000071,18.9041
2026-07-13T14:07:17.473+08:00,Drag and drop,0.000064,11.3265
2026-07-13T14:07:24.241+08:00,Right-click,0.000085,12.1882
2026-07-13T14:07:32.070+08:00,Zoom gestures,0.000118,11.6279
2026-07-13T14:07:32.971+08:00,Right-click,0.000112,12.1681
2026-07-13T14:07:40.303+08:00,Pinch gestures,0.000073,18.0776
2026-07-13T14:07:56.992+08:00,Cursor movement,0.000071,14.0510
2026-07-13T14:08:04.060+08:00,Launch Voice Assistant,0.000071,12.4876
2026-07-13T14:08:17.884+08:00,Zoom gestures,0.000116,11.4656
2026-07-13T14:08:18.479+08:00,Right-click,0.000114,11.6013
2026-07-13T14:08:27.954+08:00,Right-click,0.000062,12.3421
2026-07-13T14:08:30.023+08:00,Cursor movement,0.000075,11.3787
2026-07-13T14:08:31.771+08:00,Left-click,0.000062,11.6704
2026-07-13T14:08:41.816+08:00,Zoom gestures,0.000118,11.2651
2026-07-13T14:08:42.616+08:00,Right-click,0.000113,11.2195
2026-07-13T14:14:20.485+08:00,Cursor movement,0.000073,20.1905
2026-07-13T14:14:24.981+08:00,Left-click,0.000062,16.3389
2026-07-13T14:14:34.816+08:00,Drag and drop,0.000071,11.2043
2026-07-13T14:14:46.502+08:00,Left-click,0.000127,14.8325
2026-07-13T14:15:03.623+08:00,Right-click,0.000062,12.7118
2026-07-13T14:15:08.875+08:00,Cursor movement,0.000048,21.2925
2026-07-13T14:15:15.643+08:00,Drag and drop,0.000067,16.7276
2026-07-13T14:15:25.442+08:00,Right-click,0.000060,11.4890
2026-07-13T14:15:31.181+08:00,Left-click,0.000061,16.1672
2026-07-13T14:15:36.364+08:00,Pinch gestures,0.000068,11.4695
2026-07-13T15:18:03.942+08:00,Cursor movement,0.000196,13.7492
2026-07-13T15:18:08.414+08:00,Left-click,0.000067,12.2191
2026-07-13T15:18:13.415+08:00,Right-click,0.000064,12.9048
2026-07-13T15:18:18.056+08:00,Left-click,0.000081,10.3182
2026-07-13T15:18:23.165+08:00,Cursor movement,0.000075,14.3872
2026-07-13T15:18:24.699+08:00,Left-click,0.000063,13.3036
2026-07-13T15:18:28.158+08:00,Pinch gestures,0.000064,15.8048
2026-07-13T15:18:33.636+08:00,Drag and drop,0.000062,17.0957
2026-07-13T15:18:35.456+08:00,Cursor movement,0.000077,12.7001
2026-07-13T15:18:37.394+08:00,Left-click,0.000063,14.2283
2026-07-13T15:18:39.916+08:00,Cursor movement,0.000068,15.0515
2026-07-13T15:18:46.477+08:00,Left-click,0.000061,15.1560
2026-07-13T15:18:49.515+08:00,Zoom gestures,0.000119,14.6226
2026-07-13T15:18:50.408+08:00,Right-click,0.000217,12.4169
2026-07-13T16:04:28.288+08:00,Cursor movement,0.000078,20.2128
2026-07-13T16:04:34.791+08:00,Pinch gestures,0.000062,23.2326
2026-07-13T16:09:27.698+08:00,Cursor movement,0.000076,17.5376
2026-07-13T17:20:25.216+08:00,Pinch gestures,0.000062,13.4243
2026-07-13T17:20:43.410+08:00,Cursor movement,0.000081,10.8761
2026-07-13T17:20:57.307+08:00,Pinch gestures,0.000063,15.1441
2026-07-13T17:20:59.053+08:00,Cursor movement,0.000073,11.9911
2026-07-13T17:21:01.758+08:00,Right-click,0.000060,13.6937
2026-07-13T17:21:02.533+08:00,Cursor movement,0.000074,12.3253
2026-07-13T17:21:07.160+08:00,Right-click,0.000064,13.3741
2026-07-13T17:21:07.630+08:00,Cursor movement,0.000073,16.7702
2026-07-13T17:21:11.403+08:00,Left-click,0.000062,13.8586
2026-07-13T17:21:11.746+08:00,Cursor movement,0.000078,15.0142
2026-07-13T17:21:15.464+08:00,Drag and drop,0.000064,15.0288
2026-07-13T17:21:16.556+08:00,Right-click,0.000059,14.6583
2026-07-13T20:03:33.278+08:00,Cursor movement,0.000143,16.9154
2026-07-13T20:03:47.313+08:00,Cursor movement,0.000122,14.8239
2026-07-13T20:03:50.944+08:00,Left-click,0.000109,13.8747
2026-07-13T20:04:49.640+08:00,Cursor movement,0.000122,12.4309
2026-07-13T20:04:52.814+08:00,Left-click,0.000109,11.2304
2026-07-13T20:04:56.855+08:00,Pinch gestures,0.000127,10.5629
2026-07-13T20:05:03.918+08:00,Drag and drop,0.000112,11.3768
2026-07-13T20:15:15.820+08:00,Cursor movement,0.000086,22.5195
2026-07-13T20:15:18.125+08:00,Left-click,0.000065,27.3038
2026-07-13T21:02:38.082+08:00,Cursor movement,0.000075,19.4066
2026-07-13T21:02:40.548+08:00,Left-click,0.000063,17.2893
2026-07-13T21:02:41.182+08:00,Cursor movement,0.000093,25.3414
2026-07-13T21:02:43.398+08:00,Pinch gestures,0.000077,23.2416
2026-07-13T21:02:44.207+08:00,Cursor movement,0.000076,29.0822
2026-07-13T21:02:44.890+08:00,Left-click,0.000105,26.2108
2026-07-13T21:02:45.436+08:00,Cursor movement,0.000081,34.6760
2026-07-13T21:02:46.998+08:00,Pinch gestures,0.000081,20.2586
2026-07-13T21:02:55.222+08:00,Launch Voice Assistant,0.000076,15.1028
2026-07-13T21:03:33.551+08:00,Right-click,0.000112,15.3698
2026-07-13T21:03:40.140+08:00,Zoom gestures,0.000121,13.2101
2026-07-13T21:03:45.143+08:00,Pinch gestures,0.000112,15.9608
2026-07-13T21:04:11.856+08:00,Drag and drop,0.000112,16.5771
2026-07-13T21:04:19.097+08:00,Cursor movement,0.000069,13.9922
2026-07-13T21:04:30.010+08:00,Left-click,0.000111,13.5569
2026-07-13T21:04:30.994+08:00,Cursor movement,0.000073,12.0758
2026-07-13T21:04:31.385+08:00,Right-click,0.000063,14.3921
2026-07-13T21:04:32.297+08:00,Cursor movement,0.000068,12.8122
2026-07-13T21:04:32.621+08:00,Double click,0.000072,11.9048
2026-07-13T21:04:33.422+08:00,Cursor movement,0.000073,20.5562
2026-07-13T21:04:35.584+08:00,Pinch gestures,0.000066,13.4917
2026-07-13T21:04:36.494+08:00,Cursor movement,0.000081,12.0521
2026-07-13T21:04:41.039+08:00,Left-click,0.000060,12.7025
2026-07-13T21:04:46.944+08:00,Cursor movement,0.000088,13.2540
2026-07-13T21:04:50.314+08:00,Double click,0.000075,13.3410
2026-07-13T21:04:50.616+08:00,Cursor movement,0.000074,10.8553
2026-07-13T21:04:53.544+08:00,Left-click,0.000080,16.2791
2026-07-13T21:04:54.225+08:00,Cursor movement,0.000078,13.8770
2026-07-13T21:04:55.444+08:00,Left-click,0.000065,14.2857
2026-07-13T21:05:04.275+08:00,Pinch gestures,0.000062,18.7066
2026-07-13T21:38:20.123+08:00,Right-click,0.000105,13.9024
2026-07-13T21:38:20.526+08:00,Drag and drop,0.000107,10.5516
2026-07-13T21:38:28.040+08:00,Drag and drop,0.000059,12.3156
2026-07-13T21:38:33.511+08:00,Right-click,0.000060,22.3476
2026-07-13T21:38:38.028+08:00,Left-click,0.000066,12.5232
2026-07-13T21:38:42.592+08:00,Cursor movement,0.000069,9.6719
2026-07-13T21:38:43.436+08:00,Left-click,0.000061,17.3318
2026-07-13T21:38:47.312+08:00,Pinch gestures,0.000062,15.6710
2026-07-13T21:38:50.826+08:00,Zoom gestures,0.000081,15.9223
2026-07-13T21:38:51.833+08:00,Right-click,0.000059,11.6211
2026-07-13T22:08:31.039+08:00,Cursor movement,0.000075,19.7931
2026-07-13T22:08:33.081+08:00,Left-click,0.000075,18.4023
2026-07-13T22:08:33.721+08:00,Cursor movement,0.000083,28.2477
2026-07-13T22:08:39.338+08:00,Pinch gestures,0.000153,22.5663
2026-07-13T22:08:50.184+08:00,Launch Voice Assistant,0.000068,17.3586
2026-07-13T22:09:56.933+08:00,Pinch gestures,0.000079,12.7748
2026-07-13T22:10:15.917+08:00,Cursor movement,0.000076,12.8076
2026-07-13T22:10:22.222+08:00,Pinch gestures,0.000061,12.0266
2026-07-13T22:10:28.985+08:00,Cursor movement,0.000074,12.7249
2026-07-13T22:10:30.506+08:00,Left-click,0.000058,11.3738
2026-07-13T22:10:31.236+08:00,Cursor movement,0.000068,12.1495
2026-07-13T22:10:31.532+08:00,Double click,0.000048,13.1579
2026-07-13T22:10:32.447+08:00,Drag and drop,0.000063,13.2632
2026-07-13T22:10:33.786+08:00,Zoom gestures,0.000120,18.0952
2026-07-13T22:10:34.407+08:00,Right-click,0.000110,13.9837
2026-07-13T22:10:48.286+08:00,Pinch gestures,0.000061,13.9654
2026-07-13T22:10:53.890+08:00,Right-click,0.000073,16.1071
2026-07-13T22:10:54.957+08:00,Pinch gestures,0.000063,13.4492
2026-07-13T22:11:06.545+08:00,Cursor movement,0.000070,18.5026
2026-07-13T22:11:07.625+08:00,Left-click,0.000070,14.5796
2026-07-13T22:11:08.265+08:00,Cursor movement,0.000074,18.2515
2026-07-13T22:11:28.112+08:00,Left-click,0.000069,12.5342
2026-07-13T22:11:28.711+08:00,Cursor movement,0.000069,13.4522
2026-07-13T22:11:46.272+08:00,Left-click,0.000063,11.1259
2026-07-13T22:11:56.193+08:00,Cursor movement,0.000069,12.8699
2026-07-13T22:12:05.230+08:00,Left-click,0.000073,14.2765
2026-07-13T22:12:20.088+08:00,Zoom gestures,0.000127,13.5831
2026-07-13T22:12:20.132+08:00,Left-click,0.000111,9.5238
2026-07-13T22:12:20.176+08:00,Double click,0.000121,19.0476
2026-07-13T22:12:36.474+08:00,Cursor movement,0.000071,14.1393
2026-07-13T22:12:38.071+08:00,Pinch gestures,0.000118,11.7827
2026-07-13T22:12:40.937+08:00,Cursor movement,0.000070,11.5750
2026-07-13T22:12:42.218+08:00,Left-click,0.000069,10.2797
2026-07-13T22:12:42.981+08:00,Cursor movement,0.000069,11.7268
2026-07-13T22:12:54.820+08:00,Pinch gestures,0.000067,12.4476
2026-07-13T22:13:07.563+08:00,Launch Voice Assistant,0.000069,14.1524
2026-07-13T22:16:56.498+08:00,Cursor movement,0.000073,14.1706
2026-07-13T22:17:01.494+08:00,Left-click,0.000073,12.2616
2026-07-13T22:17:02.136+08:00,Cursor movement,0.000073,9.0076
2026-07-13T22:17:02.446+08:00,Right-click,0.000057,10.6918
2026-07-13T22:17:03.003+08:00,Cursor movement,0.000070,14.7687
2026-07-13T22:17:07.134+08:00,Zoom gestures,0.000119,14.6324
2026-07-13T22:17:07.219+08:00,Cursor movement,0.000109,14.8148
2026-07-13T22:17:07.265+08:00,Zoom gestures,0.000121,10.5263
2026-07-13T22:17:08.249+08:00,Right-click,0.000080,10.3960
2026-07-13T22:17:08.908+08:00,Pinch gestures,0.000063,11.1614
2026-07-13T22:17:10.089+08:00,Cursor movement,0.000075,9.5925
2026-07-13T22:17:14.698+08:00,Left-click,0.000063,12.3522
2026-07-13T23:00:55.012+08:00,Cursor movement,0.000074,16.5064
2026-07-13T23:00:57.240+08:00,Pinch gestures,0.000095,25.4928
2026-07-13T23:01:05.714+08:00,Cursor movement,0.000082,25.4303
2026-07-13T23:01:06.359+08:00,Left-click,0.000045,35.3916
2026-07-13T23:01:06.903+08:00,Cursor movement,0.000088,24.5989
2026-07-13T23:01:09.960+08:00,Launch Voice Assistant,0.000073,15.6738
2026-07-13T23:02:13.101+08:00,Cursor movement,0.000071,13.3534
2026-07-13T23:02:17.365+08:00,Pinch gestures,0.000067,13.5488
2026-07-13T23:02:28.518+08:00,Cursor movement,0.000075,17.2237
2026-07-13T23:02:30.686+08:00,Left-click,0.000067,15.2481
2026-07-13T23:02:31.245+08:00,Cursor movement,0.000171,14.0598
2026-07-13T23:02:31.714+08:00,Right-click,0.000061,12.1756
2026-07-13T23:02:32.702+08:00,Cursor movement,0.000079,19.1278
2026-07-13T23:02:33.011+08:00,Double click,0.000078,22.9102
2026-07-13T23:02:33.771+08:00,Drag and drop,0.000066,15.0721
2026-07-13T23:02:35.523+08:00,Zoom gestures,0.000129,14.9528
2026-07-13T23:02:36.505+08:00,Right-click,0.000115,12.7094
2026-07-13T23:02:38.131+08:00,Pinch gestures,0.000070,12.9509
2026-07-13T23:02:48.797+08:00,Cursor movement,0.000070,11.7781
2026-07-13T23:03:01.520+08:00,Left-click,0.000072,13.7585
2026-07-13T23:03:02.146+08:00,Cursor movement,0.000078,21.8898
2026-07-13T23:03:03.819+08:00,Left-click,0.000046,16.8028
2026-07-13T23:03:17.707+08:00,Cursor movement,0.000071,12.3728
2026-07-13T23:03:23.710+08:00,Left-click,0.000073,12.7332
2026-07-13T23:03:24.394+08:00,Cursor movement,0.000075,12.1429
2026-07-13T23:03:25.288+08:00,Left-click,0.000063,11.7838
2026-07-13T23:03:47.634+08:00,Drag and drop,0.000066,13.5946
2026-07-13T23:04:51.476+08:00,Cursor movement,0.000086,18.4664
2026-07-13T23:04:53.690+08:00,Pinch gestures,0.000061,15.3205
2026-07-13T23:04:59.293+08:00,Cursor movement,0.000075,15.4073
2026-07-13T23:05:01.259+08:00,Left-click,0.000072,28.4367
2026-07-13T23:05:02.150+08:00,Cursor movement,0.000075,32.6374
2026-07-13T23:05:04.995+08:00,Left-click,0.000064,19.5355
2026-07-13T23:05:05.831+08:00,Cursor movement,0.000071,24.2839
2026-07-13T23:05:08.755+08:00,Launch Voice Assistant,0.000064,13.3599
2026-07-13T23:22:35.590+08:00,Cursor movement,0.000089,14.6830
2026-07-13T23:22:40.300+08:00,Launch Voice Assistant,0.000063,13.8539
2026-07-13T23:22:52.001+08:00,Pinch gestures,0.000083,13.0411
2026-07-13T23:22:56.127+08:00,Zoom gestures,0.000118,12.7841
2026-07-13T23:31:28.416+08:00,Zoom gestures,0.000120,14.2817
2026-07-13T23:31:29.357+08:00,Pinch gestures,0.000113,12.8017
2026-07-13T23:31:40.425+08:00,Cursor movement,0.000068,20.3833
2026-07-13T23:31:41.557+08:00,Left-click,0.000104,12.7807
2026-07-13T23:31:42.084+08:00,Cursor movement,0.000067,15.0635
2026-07-13T23:31:44.568+08:00,Pinch gestures,0.000074,16.0743
2026-07-13T23:31:44.819+08:00,Cursor movement,0.000086,10.9312
2026-07-13T23:31:45.062+08:00,Pinch gestures,0.000063,17.8423
2026-07-13T23:31:46.635+08:00,Cursor movement,0.000070,12.2753
2026-07-13T23:31:47.019+08:00,Launch Voice Assistant,0.000087,25.0646
2026-07-13T23:32:39.707+08:00,Pinch gestures,0.000068,13.5491
2026-07-13T23:32:51.251+08:00,Cursor movement,0.000076,14.6952
2026-07-13T23:32:54.800+08:00,Pinch gestures,0.000068,15.7966
2026-07-13T23:33:03.045+08:00,Cursor movement,0.000082,14.3329
2026-07-13T23:33:05.136+08:00,Left-click,0.000068,14.8718
2026-07-13T23:33:05.649+08:00,Cursor movement,0.000075,12.0527
2026-07-13T23:33:06.207+08:00,Right-click,0.000092,12.7846
2026-07-13T23:33:06.764+08:00,Cursor movement,0.000070,11.9377
2026-07-13T23:33:07.108+08:00,Double click,0.000091,19.5467
2026-07-13T23:33:07.629+08:00,Cursor movement,0.000083,13.4615
2026-07-13T23:33:07.889+08:00,Drag and drop,0.000061,11.4504
2026-07-13T23:33:12.658+08:00,Cursor movement,0.000068,11.9682
2026-07-13T23:33:23.469+08:00,Left-click,0.000064,12.4426
2026-07-13T23:33:24.113+08:00,Cursor movement,0.000068,13.2132
2026-07-13T23:33:26.268+08:00,Left-click,0.000062,12.8286
2026-07-13T23:33:28.661+08:00,Drag and drop,0.000060,14.0650
2026-07-13T23:33:42.549+08:00,Cursor movement,0.000087,13.1771
2026-07-13T23:33:51.239+08:00,Left-click,0.000068,14.2394
2026-07-13T23:34:45.905+08:00,Launch Voice Assistant,0.000065,13.2338
2026-07-13T23:35:17.199+08:00,Pinch gestures,0.000068,13.9356
2026-07-13T23:35:23.175+08:00,Cursor movement,0.000090,20.3580
2026-07-13T23:35:25.355+08:00,Left-click,0.000061,16.7413
2026-07-13T23:35:26.286+08:00,Cursor movement,0.000077,23.1884
2026-07-13T23:35:27.083+08:00,Launch Voice Assistant,0.000071,12.3596
2026-07-13T23:36:47.757+08:00,Cursor movement,0.000069,15.2746
2026-07-13T23:36:51.439+08:00,Left-click,0.000063,15.4151
2026-07-13T23:37:22.397+08:00,Cursor movement,0.000067,13.1415
2026-07-13T23:37:25.406+08:00,Left-click,0.000067,12.4064
2026-07-14T00:09:37.668+08:00,Launch Voice Assistant,0.000070,29.3659
2026-07-14T00:09:47.924+08:00,Right-click,0.000068,21.1694
2026-07-14T00:09:52.917+08:00,Pinch gestures,0.000063,12.0222
2026-07-14T00:09:57.796+08:00,Cursor movement,0.000076,16.6509
2026-07-14T00:10:02.356+08:00,Pinch gestures,0.000062,24.0741
2026-07-14T00:10:06.012+08:00,Zoom gestures,0.000194,14.8936
2026-07-14T00:10:06.764+08:00,Right-click,0.000122,18.5956
2026-07-14T00:10:19.895+08:00,Drag and drop,0.000051,18.8215
2026-07-14T00:10:27.137+08:00,Zoom gestures,0.000122,14.5938
2026-07-14T00:10:27.840+08:00,Right-click,0.000117,13.1469
2026-07-14T00:10:36.603+08:00,Pinch gestures,0.000070,13.5869
2026-07-14T00:10:41.502+08:00,Pinch gestures,0.000071,15.4031
2026-07-14T00:10:46.472+08:00,Left-click,0.000068,13.5947
2026-07-14T00:10:50.418+08:00,Right-click,0.000077,27.6106
2026-07-14T00:10:55.582+08:00,Drag and drop,0.000066,19.8541
2026-07-14T00:11:00.364+08:00,Zoom gestures,0.000114,19.5477
2026-07-14T00:11:01.644+08:00,Right-click,0.000111,18.3969
2026-07-14T00:11:06.587+08:00,Pinch gestures,0.000110,23.8690
2026-07-14T00:11:37.142+08:00,Cursor movement,0.000076,19.0801
2026-07-14T00:11:43.263+08:00,Left-click,0.000093,19.2291
2026-07-14T00:11:44.018+08:00,Cursor movement,0.000068,19.8966
2026-07-14T00:11:47.776+08:00,Cursor movement,0.000090,42.4060
2026-07-14T00:11:48.090+08:00,Right-click,0.000071,23.2026
2026-07-14T00:11:53.969+08:00,Right-click,0.000067,21.6803
2026-07-14T00:11:59.052+08:00,Pinch gestures,0.000045,28.0176
2026-07-14T00:12:03.320+08:00,Zoom gestures,0.000121,18.8825
2026-07-14T00:12:04.265+08:00,Right-click,0.000122,17.8754
2026-07-14T00:12:08.259+08:00,Pinch gestures,0.000064,14.9223
2026-07-14T00:12:12.704+08:00,Zoom gestures,0.000118,17.0297
2026-07-14T00:12:13.250+08:00,Right-click,0.000137,13.7184
2026-07-14T00:12:17.566+08:00,Cursor movement,0.000076,27.7620
2026-07-14T08:01:54.661+08:00,Cursor movement,0.000115,24.1357
2026-07-14T08:02:00.253+08:00,Left-click,0.000070,19.8261
2026-07-14T08:02:14.448+08:00,Cursor movement,0.000076,13.7469
2026-07-14T08:02:18.147+08:00,Left-click,0.000071,14.5899
2026-07-14T08:26:58.579+08:00,Cursor movement,0.000050,21.6000
2026-07-14T08:27:00.178+08:00,Left-click,0.000104,18.2371
2026-07-14T08:27:00.847+08:00,Cursor movement,0.000076,29.1304
2026-07-14T08:27:06.762+08:00,Left-click,0.000045,28.4898
2026-07-14T08:27:07.426+08:00,Cursor movement,0.000083,28.4041
2026-07-14T08:27:07.984+08:00,Left-click,0.000085,16.2257
2026-07-14T08:27:08.684+08:00,Cursor movement,0.000075,23.9945
2026-07-14T08:27:11.100+08:00,Pinch gestures,0.000066,25.4063
2026-07-14T08:27:26.352+08:00,Launch Voice Assistant,0.000074,15.7071
2026-07-14T08:28:02.739+08:00,Zoom gestures,0.000115,16.9991
2026-07-14T08:28:26.004+08:00,Cursor movement,0.000077,12.6329
2026-07-14T08:28:29.663+08:00,Pinch gestures,0.000064,12.4369
2026-07-14T08:28:40.848+08:00,Cursor movement,0.000076,11.7438
2026-07-14T08:28:48.999+08:00,Left-click,0.000061,15.0685
2026-07-14T08:28:49.741+08:00,Cursor movement,0.000092,10.6160
2026-07-14T08:28:50.311+08:00,Right-click,0.000066,10.6713
2026-07-14T08:28:50.830+08:00,Cursor movement,0.000093,11.8868
2026-07-14T08:28:51.176+08:00,Double click,0.000076,9.3750
2026-07-14T08:28:51.973+08:00,Drag and drop,0.000062,16.0099
2026-07-14T08:28:54.109+08:00,Pinch gestures,0.000072,12.5399
2026-07-14T08:29:04.277+08:00,Cursor movement,0.000076,11.9018
2026-07-14T08:29:06.895+08:00,Left-click,0.000080,13.7430
2026-07-14T08:29:07.564+08:00,Cursor movement,0.000077,14.6413
2026-07-14T08:29:12.353+08:00,Left-click,0.000065,12.8091
2026-07-14T08:29:22.203+08:00,Cursor movement,0.000101,14.4758
2026-07-14T08:29:27.729+08:00,Left-click,0.000072,14.8129
2026-07-14T08:30:04.953+08:00,Launch Voice Assistant,0.000074,14.2526
2026-07-14T08:31:31.155+08:00,Cursor movement,0.000072,13.3937
2026-07-14T08:31:33.162+08:00,Pinch gestures,0.000079,11.1919
2026-07-14T08:31:42.551+08:00,Zoom gestures,0.000123,14.6286
2026-07-14T08:31:45.309+08:00,Right-click,0.000112,13.1802
2026-07-14T08:31:49.508+08:00,Launch Voice Assistant,0.000080,16.0185
2026-07-14T08:33:41.103+08:00,Cursor movement,0.000075,10.9974
2026-07-14T08:33:52.186+08:00,Right-click,0.000076,11.5766
2026-07-14T08:33:56.575+08:00,Left-click,0.000073,13.4550
2026-07-14T08:34:01.226+08:00,Pinch gestures,0.000097,10.6238
2026-07-14T08:34:09.118+08:00,Zoom gestures,0.000137,19.3719
2026-07-14T08:34:12.901+08:00,Right-click,0.000140,14.1604
2026-07-14T08:34:15.657+08:00,Zoom gestures,0.000121,14.7887
2026-07-14T10:58:29.131+08:00,Cursor movement,0.000100,16.0572
2026-07-14T10:58:31.321+08:00,Left-click,0.000072,25.4529
2026-07-14T11:23:19.723+08:00,Pinch gestures,0.000049,28.6087
2026-07-14T11:23:25.800+08:00,Cursor movement,0.000081,39.6253
2026-07-14T11:23:27.325+08:00,Left-click,0.000074,37.6170
2026-07-14T11:23:27.960+08:00,Cursor movement,0.000091,35.7576
2026-07-14T11:23:29.302+08:00,Left-click,0.000070,22.4138
2026-07-14T11:23:32.041+08:00,Launch Voice Assistant,0.000074,32.5377
2026-07-14T11:24:25.513+08:00,Cursor movement,0.000092,19.7545
2026-07-14T11:24:28.993+08:00,Pinch gestures,0.000064,20.0670
2026-07-14T11:24:37.565+08:00,Cursor movement,0.000072,19.8864
2026-07-14T11:24:44.255+08:00,Left-click,0.000066,18.9749
2026-07-14T11:24:45.117+08:00,Cursor movement,0.000079,18.9282
2026-07-14T11:24:45.708+08:00,Right-click,0.000084,17.0530
2026-07-14T11:24:46.531+08:00,Cursor movement,0.000078,18.6401
2026-07-14T11:24:46.954+08:00,Double click,0.000103,25.2427
2026-07-14T11:24:48.060+08:00,Drag and drop,0.000071,18.5676
2026-07-14T11:24:50.071+08:00,Zoom gestures,0.000132,19.7197
2026-07-14T11:24:50.631+08:00,Right-click,0.000120,18.6207
2026-07-14T11:24:51.247+08:00,Pinch gestures,0.000068,15.8556
2026-07-14T11:25:04.352+08:00,Cursor movement,0.000052,17.6427
2026-07-14T11:25:06.540+08:00,Left-click,0.000070,18.6335
2026-07-14T11:25:07.121+08:00,Cursor movement,0.000072,24.6599
2026-07-14T11:25:15.956+08:00,Left-click,0.000072,19.6613
2026-07-14T11:25:24.857+08:00,Cursor movement,0.000079,18.8341
2026-07-14T11:25:29.582+08:00,Left-click,0.000071,19.6550
2026-07-14T11:26:09.600+08:00,Pinch gestures,0.000067,18.6613
2026-07-14T11:26:26.651+08:00,Launch Voice Assistant,0.000046,19.8983
2026-07-14T11:27:12.498+08:00,Cursor movement,0.000092,19.6429
2026-07-14T11:27:14.893+08:00,Pinch gestures,0.000064,13.8099
2026-07-14T11:27:17.389+08:00,Cursor movement,0.000086,23.9502
2026-07-14T11:27:19.133+08:00,Left-click,0.000066,19.5230
2026-07-14T11:27:20.046+08:00,Cursor movement,0.000149,49.8416
2026-07-14T11:27:21.466+08:00,Left-click,0.000077,24.0358
2026-07-14T11:27:22.156+08:00,Cursor movement,0.000100,28.7308
2026-07-14T11:27:24.884+08:00,Launch Voice Assistant,0.000075,18.2334
2026-07-29T17:09:18.592+08:00,Cursor movement,0.000071,18.1758
2026-07-29T17:09:20.832+08:00,Launch Voice Assistant,0.000064,14.1182
